{"children": [{"name": "Astrophysical processes", "children": [{"name": "Astrophysical magnetism", "children": [{"name": "Cosmic magnetic fields theory"}, {"name": "Emerging flux tubes"}, {"name": "Magnetic fields", "children": [{"name": "Geomagnetic fields"}, {"name": "Magnetic anomalies"}, {"name": "Primordial magnetic fields"}]}]}, {"name": "Gravitation", "children": [{"name": "Celestial mechanics", "children": [{"name": "Apparent superluminal motion"}, {"name": "Astrodynamics"}, {"name": "Close encounters", "children": [{"name": "Opik theory"}]}, {"name": "Lunar theory", "children": [{"name": "Annual equation"}, {"name": "Anomalistic month"}, {"name": "Lunar node regression"}]}, {"name": "N-body problem", "children": [{"name": "Few-body systems"}]}, {"name": "Orbits", "children": [{"name": "Orbit determination"}, {"name": "Orbital elements", "children": [{"name": "Apsis", "children": [{"name": "Apastron"}, {"name": "Aphelion"}, {"name": "Apocenter"}, {"name": "Apogee"}, {"name": "Periapsis"}, {"name": "Periastron"}, {"name": "Perigee"}, {"name": "Perihelion"}]}, {"name": "Argument of perigee"}, {"name": "Argument of perihelion"}, {"name": "Center of mass"}, {"name": "Eccentricity"}, {"name": "Elliptical orbit", "children": [{"name": "Major axis"}, {"name": "Minor axis"}, {"name": "Semimajor axis"}, {"name": "Semiminor axis"}]}, {"name": "Inclination"}, {"name": "Longitude of the ascending node"}, {"name": "Longitude of the descending node"}, {"name": "Orbital anomalies", "children": [{"name": "Eccentric anomaly"}, {"name": "Mean anomaly"}, {"name": "True anomaly"}]}, {"name": "Osculatory elements"}, {"name": "Position angle"}, {"name": "Synodic period"}]}, {"name": "Orbital motion", "children": [{"name": "Apsidal motion"}, {"name": "Circular orbit"}, {"name": "Elliptical orbit", "children": [{"name": "Major axis"}, {"name": "Minor axis"}, {"name": "Semimajor axis"}, {"name": "Semiminor axis"}]}, {"name": "Equation of the center"}, {"name": "Geocentric orbit"}, {"name": "Heliocentric orbit"}, {"name": "Hyperbolic orbit"}, {"name": "Keplerian orbit"}, {"name": "Libration"}, {"name": "Lunar node regression"}, {"name": "Osculating orbit"}, {"name": "Parabolic orbit"}, {"name": "Periodic orbit"}, {"name": "Polar orbit"}]}, {"name": "Orbital nodes", "children": [{"name": "Ascending node"}, {"name": "Descending node"}]}, {"name": "Orbital resonances", "children": [{"name": "Kirkwood gap"}]}, {"name": "Orbital theory", "children": [{"name": "Bode's law"}]}]}, {"name": "Perturbation methods"}, {"name": "Three-body problem", "children": [{"name": "Lagrangian points"}, {"name": "Mass ratio"}, {"name": "Roche limit"}, {"name": "Roche lobe"}]}, {"name": "Two-body problem"}]}, {"name": "General relativity", "children": [{"name": "Einstein field equations"}, {"name": "Evolution equation"}, {"name": "Geodesics", "children": [{"name": "Gravitational deflection"}, {"name": "Penrose limit"}]}, {"name": "Gravitational collapse", "children": [{"name": "Chandrasekhar limit"}, {"name": "Jeans mass"}]}, {"name": "Gravitational lensing", "children": [{"name": "Caustic crossing"}, {"name": "Einstein rings", "children": [{"name": "Luminous arcs"}]}, {"name": "Gravitational lensing shear"}, {"name": "Gravitational microlensing", "children": [{"name": "Gravitational microlensing [Exoplanets]", "children": [{"name": "Magnetospheric radio emissions [Exoplanets]"}]}, {"name": "Quasar microlensing"}]}, {"name": "Strong gravitational lensing"}, {"name": "Weak gravitational lensing"}]}, {"name": "Gravitational singularities", "children": [{"name": "Conical singularities"}, {"name": "Curvature singularities"}, {"name": "Event horizons"}, {"name": "Naked singularities"}, {"name": "Ring singularities"}, {"name": "Wormholes"}]}, {"name": "Gravitational waves", "children": [{"name": "Gravitational wave sources"}, {"name": "pp waves"}]}, {"name": "Spacetime metric", "children": [{"name": "Friedmann-Robertson-Walker metric"}, {"name": "Kerr metric"}, {"name": "Schwarzschild metric", "children": [{"name": "Schwarzschild radius"}]}]}]}, {"name": "Newtonian gravitation", "children": [{"name": "Accretion", "children": [{"name": "Bondi accretion"}, {"name": "Galaxy accretion", "children": [{"name": "Galaxy infall"}]}, {"name": "Stellar accretion"}]}, {"name": "Gravitational disruption", "children": [{"name": "Tidal disruption"}]}, {"name": "Gravitational energy"}, {"name": "Gravitational equilibrium"}, {"name": "Gravitational fields"}, {"name": "Gravitational instability"}, {"name": "Gravitational interaction", "children": [{"name": "Dynamical friction"}, {"name": "N-body simulations"}, {"name": "Orbital resonances", "children": [{"name": "Kirkwood gap"}]}, {"name": "Three-body problem", "children": [{"name": "Lagrangian points"}, {"name": "Mass ratio"}, {"name": "Roche limit"}, {"name": "Roche lobe"}]}, {"name": "Tidal interaction", "children": [{"name": "Roche limit"}, {"name": "Tidal disruption"}, {"name": "Tidal distortion"}, {"name": "Tidal friction"}, {"name": "Tidal radius"}, {"name": "Tides", "children": [{"name": "Atmospheric tides"}, {"name": "Ocean tides", "children": [{"name": "Polar tides"}]}]}]}, {"name": "Two-body problem"}]}, {"name": "Gravity anomaly", "children": [{"name": "Great Attractor"}, {"name": "Mascon"}]}]}, {"name": "Non-standard theories of gravity", "children": [{"name": "Modified Newtonian dynamics"}, {"name": "Quantum gravity", "children": [{"name": "Gravastars"}]}, {"name": "Scalar-tensor-vector gravity"}, {"name": "Two-dimensional gravity"}]}]}, {"name": "Nuclear astrophysics", "children": [{"name": "Astrophysical explosive burning"}, {"name": "Neutrino oscillations"}, {"name": "Neutron stars", "children": [{"name": "Magnetars", "children": [{"name": "Soft gamma ray repeaters"}]}, {"name": "Neutron star cores"}, {"name": "Pulsars", "children": [{"name": "Binary pulsars"}, {"name": "Millisecond pulsars"}, {"name": "Optical pulsars"}, {"name": "Radio pulsars"}, {"name": "Rotation powered pulsars"}]}, {"name": "Relativistic stars", "children": [{"name": "Relativistic binary stars"}]}]}, {"name": "Nucleosynthesis", "children": [{"name": "Big Bang nucleosynthesis"}, {"name": "Carbon burning"}, {"name": "Cosmic ray nucleosynthesis"}, {"name": "Explosive nucleosynthesis"}, {"name": "Helium burning"}, {"name": "Hydrogen burning", "children": [{"name": "Carbon-nitrogen cycle"}, {"name": "Proton-proton reaction"}]}, {"name": "Oxygen burning"}, {"name": "P-process"}, {"name": "R-process"}, {"name": "S-process"}, {"name": "Silicon burning"}, {"name": "Stellar nucleosynthesis", "children": [{"name": "Helium burning"}, {"name": "Hydrogen burning", "children": [{"name": "Carbon-nitrogen cycle"}, {"name": "Proton-proton reaction"}]}, {"name": "S-process"}]}]}, {"name": "Solar neutrinos"}]}, {"name": "Relativity", "children": [{"name": "General relativity", "children": [{"name": "Einstein field equations"}, {"name": "Evolution equation"}, {"name": "Geodesics", "children": [{"name": "Gravitational deflection"}, {"name": "Penrose limit"}]}, {"name": "Gravitational collapse", "children": [{"name": "Chandrasekhar limit"}, {"name": "Jeans mass"}]}, {"name": "Gravitational lensing", "children": [{"name": "Caustic crossing"}, {"name": "Einstein rings", "children": [{"name": "Luminous arcs"}]}, {"name": "Gravitational lensing shear"}, {"name": "Gravitational microlensing", "children": [{"name": "Gravitational microlensing [Exoplanets]", "children": [{"name": "Magnetospheric radio emissions [Exoplanets]"}]}, {"name": "Quasar microlensing"}]}, {"name": "Strong gravitational lensing"}, {"name": "Weak gravitational lensing"}]}, {"name": "Gravitational singularities", "children": [{"name": "Conical singularities"}, {"name": "Curvature singularities"}, {"name": "Event horizons"}, {"name": "Naked singularities"}, {"name": "Ring singularities"}, {"name": "Wormholes"}]}, {"name": "Gravitational waves", "children": [{"name": "Gravitational wave sources"}, {"name": "pp waves"}]}, {"name": "Spacetime metric", "children": [{"name": "Friedmann-Robertson-Walker metric"}, {"name": "Kerr metric"}, {"name": "Schwarzschild metric", "children": [{"name": "Schwarzschild radius"}]}]}]}, {"name": "Relativistic mechanics", "children": [{"name": "Relativistic fluid dynamics"}]}, {"name": "Special relativity", "children": [{"name": "Relativistic aberration"}]}]}]}, {"name": "Cosmology", "children": [{"name": "Anthropic principle"}, {"name": "Astronomical radiation sources", "children": [{"name": "Compact radiation sources"}, {"name": "Cosmic rays", "children": [{"name": "Cosmic ray showers"}, {"name": "Cosmic ray sources"}, {"name": "Forbush effect"}, {"name": "Galactic cosmic rays"}, {"name": "High-energy cosmic radiation"}, {"name": "Secondary cosmic rays"}, {"name": "Ultra-high-energy cosmic radiation"}]}, {"name": "Extended radiation sources"}, {"name": "Extrasolar radiation"}, {"name": "Gamma-ray sources", "children": [{"name": "Soft gamma ray repeaters"}]}, {"name": "Hydroxyl sources"}, {"name": "Infrared sources"}, {"name": "Non-thermal radiation sources"}, {"name": "Radio sources", "children": [{"name": "Active galactic nuclei", "children": [{"name": "Blazars"}, {"name": "Quasars", "children": [{"name": "Broad-absorption line quasar"}, {"name": "Double quasars"}, {"name": "Individual quasars"}, {"name": "Quasar-galaxy pairs"}, {"name": "Radio loud quasars"}, {"name": "Radio quiet quasars"}, {"name": "X-ray quasars"}]}, {"name": "Radio cores"}, {"name": "Radio hot spots"}, {"name": "Radio jets", "children": [{"name": "Polar jets"}, {"name": "Relativistic jets"}]}, {"name": "Radio lobes"}, {"name": "Radio plumes"}, {"name": "Relativistic disks"}]}, {"name": "Discrete radio sources"}, {"name": "Extragalactic radio sources"}, {"name": "Galactic radio sources"}, {"name": "Radio continuum emission"}]}, {"name": "Ultraviolet sources"}, {"name": "Variable radiation sources"}, {"name": "X-ray sources", "children": [{"name": "Cool cores"}, {"name": "Diffuse x-ray background"}, {"name": "Point sources"}]}]}, {"name": "Astrophysical dust processes", "children": [{"name": "Intergalactic medium", "children": [{"name": "Dark matter", "children": [{"name": "Baryonic dark matter"}, {"name": "Cold dark matter"}, {"name": "Hot dark matter"}, {"name": "Warm dark matter"}]}, {"name": "Intergalactic clouds", "children": [{"name": "Damped Lyman-alpha systems"}, {"name": "Intergalactic dust clouds"}, {"name": "Lyman limit systems"}, {"name": "Lyman-alpha forest clouds"}, {"name": "Metal line absorbers"}]}, {"name": "Intergalactic filaments"}, {"name": "Intergalactic gas"}, {"name": "Intergalactic medium phases", "children": [{"name": "Cool intergalactic medium"}, {"name": "Hot intergalactic medium"}, {"name": "Warm-hot intergalactic medium"}]}, {"name": "Intergalactic voids"}, {"name": "Missing mass"}, {"name": "Quasar absorption line spectroscopy"}]}, {"name": "Interstellar dust processes"}]}, {"name": "Bianchi cosmology"}, {"name": "Big Bang theory", "children": [{"name": "Big Bang nucleosynthesis"}, {"name": "Cosmological perturbation theory"}, {"name": "Hadron barrier"}, {"name": "Photon decoupling"}, {"name": "Recombination (cosmology)", "children": [{"name": "Cosmic background radiation", "children": [{"name": "Cosmic microwave background radiation", "children": [{"name": "Cosmic anisotropy"}, {"name": "Cosmic isotropy"}]}, {"name": "Sunyaev-Zeldovich effect"}]}]}, {"name": "Reionization"}]}, {"name": "Brane cosmology"}, {"name": "Cosmic inflation", "children": [{"name": "Alternatives to cosmic inflation"}, {"name": "E-folding time"}, {"name": "Gravitational waves", "children": [{"name": "Gravitational wave sources"}, {"name": "pp waves"}]}]}, {"name": "Cosmogony"}, {"name": "Cosmological evolution", "children": [{"name": "Dynamical evolution"}, {"name": "Galaxy evolution", "children": [{"name": "Galaxy chemical evolution", "children": [{"name": "Chemical enrichment"}]}]}, {"name": "Orbital evolution"}]}, {"name": "Cosmological models", "children": [{"name": "Closed universe"}, {"name": "Dirac cosmology"}, {"name": "Einstein universe"}, {"name": "Expanding universe"}, {"name": "Friedmann universe"}, {"name": "G\u00f6del universe"}, {"name": "Inflationary universe"}, {"name": "Lemaitre universe"}, {"name": "Newtonian cosmology"}, {"name": "Open universe"}, {"name": "Oscillating universe"}, {"name": "de Sitter universe"}]}, {"name": "Cosmological parameters", "children": [{"name": "Cosmological parameters from large-scale structure"}, {"name": "Curved space"}, {"name": "Dark energy", "children": [{"name": "Cosmological constant", "children": [{"name": "Cosmological constant experiments"}]}, {"name": "Quintessence"}]}, {"name": "Deceleration parameter", "children": [{"name": "Accelerating universe"}]}, {"name": "Density parameters", "children": [{"name": "Baryon density"}, {"name": "Dark matter density"}, {"name": "Lambda density"}, {"name": "Matter density"}]}, {"name": "Flat space"}, {"name": "Hubble constant"}, {"name": "Hubble time"}, {"name": "Sigma8"}]}, {"name": "Cosmological phase transitions"}, {"name": "Elemental abundance", "children": [{"name": "Cosmochemistry"}, {"name": "Cosmochronology"}]}, {"name": "Hierarchical cosmology"}, {"name": "Large-scale structure of the universe", "children": [{"name": "Cosmic web", "children": [{"name": "Galaxy cluster counts"}, {"name": "Galaxy voids"}]}, {"name": "Dark matter distribution"}, {"name": "Great Attractor"}, {"name": "Isothermal sphere profile"}, {"name": "Low-density fields"}, {"name": "Mean matter density"}, {"name": "Voids"}, {"name": "Warm-hot intergalactic medium"}]}, {"name": "Non-Gaussianity"}, {"name": "Observational cosmology", "children": [{"name": "Cosmological constant", "children": [{"name": "Cosmological constant experiments"}]}, {"name": "Hubble constant"}]}, {"name": "Origin of the universe", "children": [{"name": "Big Bang theory", "children": [{"name": "Big Bang nucleosynthesis"}, {"name": "Cosmological perturbation theory"}, {"name": "Hadron barrier"}, {"name": "Photon decoupling"}, {"name": "Recombination (cosmology)", "children": [{"name": "Cosmic background radiation", "children": [{"name": "Cosmic microwave background radiation", "children": [{"name": "Cosmic anisotropy"}, {"name": "Cosmic isotropy"}]}, {"name": "Sunyaev-Zeldovich effect"}]}]}, {"name": "Reionization"}]}, {"name": "Early universe", "children": [{"name": "Baryogenesis"}, {"name": "Baryon acoustic oscillations"}, {"name": "Inflationary universe"}, {"name": "Initial conditions of the universe"}, {"name": "Leptogenesis"}, {"name": "Neutrino decoupling"}, {"name": "Photon decoupling"}, {"name": "Primordial galaxies"}, {"name": "Recombination (cosmology)", "children": [{"name": "Cosmic background radiation", "children": [{"name": "Cosmic microwave background radiation", "children": [{"name": "Cosmic anisotropy"}, {"name": "Cosmic isotropy"}]}, {"name": "Sunyaev-Zeldovich effect"}]}]}, {"name": "Reionization"}]}, {"name": "Hubble's law", "children": [{"name": "Hubble diagram"}]}, {"name": "Steady-state theory"}]}, {"name": "Plasma astrophysics", "children": [{"name": "Cosmic electrodynamics"}, {"name": "Space plasmas", "children": [{"name": "Alfven waves"}]}]}, {"name": "Quantum cosmology"}, {"name": "Radiative transfer"}, {"name": "Redshifted"}, {"name": "Relativistic cosmology"}]}, {"name": "Exoplanet astronomy", "children": [{"name": "Exomoons"}, {"name": "Exoplanet catalogs"}, {"name": "Exoplanet detection methods", "children": [{"name": "Direct imaging [Exoplanets]", "children": [{"name": "Coronographic imaging"}, {"name": "Far-infrared interferometry [Exoplanets]"}]}, {"name": "Exoplanet astrometry"}, {"name": "Gravitational microlensing [Exoplanets]", "children": [{"name": "Magnetospheric radio emissions [Exoplanets]"}]}, {"name": "Polarimetry [Exoplanets]"}, {"name": "Radial velocity methods [Exoplanets]"}, {"name": "Timing variation methods", "children": [{"name": "Eclipsing binary minima timing method"}, {"name": "Pulsar timing method"}, {"name": "Pulsation frequency method"}, {"name": "Transit duration variation method"}, {"name": "Transit timing variation method"}]}, {"name": "Transit photometry [Exoplanets]"}]}, {"name": "Exoplanet dynamics", "children": [{"name": "Exoplanet plate tectonics"}, {"name": "Exoplanet tides"}]}, {"name": "Exoplanet evolution"}, {"name": "Exoplanet formation"}, {"name": "Exoplanet structure", "children": [{"name": "Exoplanet atmospheres"}, {"name": "Exoplanet rings"}, {"name": "Exoplanet surface characteristics"}]}, {"name": "Exoplanets", "children": [{"name": "Carbon planets"}, {"name": "Chthonian planets"}, {"name": "Extrasolar gas giants"}, {"name": "Extrasolar rocky planets"}, {"name": "Free floating planets"}, {"name": "Habitable planets"}, {"name": "Hot Jupiters"}, {"name": "Hot Neptunes"}, {"name": "Mini Neptunes"}, {"name": "Ocean planets"}, {"name": "Pulsar planets"}, {"name": "Super Earths"}, {"name": "Trojan planets"}]}, {"name": "Planet hosting stars", "children": [{"name": "Habitable zone"}]}]}, {"name": "Galactic and extragalactic astronomy", "children": [{"name": "Extragalactic astronomy", "children": [{"name": "Astrophysical masers", "children": [{"name": "Hydroxyl masers"}, {"name": "Megamasers"}, {"name": "Silicon monoxide masers"}, {"name": "Water masers"}]}, {"name": "Extragalactic magnetic fields"}, {"name": "Intergalactic medium", "children": [{"name": "Dark matter", "children": [{"name": "Baryonic dark matter"}, {"name": "Cold dark matter"}, {"name": "Hot dark matter"}, {"name": "Warm dark matter"}]}, {"name": "Intergalactic clouds", "children": [{"name": "Damped Lyman-alpha systems"}, {"name": "Intergalactic dust clouds"}, {"name": "Lyman limit systems"}, {"name": "Lyman-alpha forest clouds"}, {"name": "Metal line absorbers"}]}, {"name": "Intergalactic filaments"}, {"name": "Intergalactic gas"}, {"name": "Intergalactic medium phases", "children": [{"name": "Cool intergalactic medium"}, {"name": "Hot intergalactic medium"}, {"name": "Warm-hot intergalactic medium"}]}, {"name": "Intergalactic voids"}, {"name": "Missing mass"}, {"name": "Quasar absorption line spectroscopy"}]}]}, {"name": "Galaxies", "children": [{"name": "Active galaxies", "children": [{"name": "Active galactic nuclei", "children": [{"name": "Blazars"}, {"name": "Quasars", "children": [{"name": "Broad-absorption line quasar"}, {"name": "Double quasars"}, {"name": "Individual quasars"}, {"name": "Quasar-galaxy pairs"}, {"name": "Radio loud quasars"}, {"name": "Radio quiet quasars"}, {"name": "X-ray quasars"}]}, {"name": "Radio cores"}, {"name": "Radio hot spots"}, {"name": "Radio jets", "children": [{"name": "Polar jets"}, {"name": "Relativistic jets"}]}, {"name": "Radio lobes"}, {"name": "Radio plumes"}, {"name": "Relativistic disks"}]}, {"name": "BL Lacertae objects"}, {"name": "Blazars"}, {"name": "Haro galaxies"}, {"name": "LINER galaxies"}, {"name": "Markarian galaxies"}, {"name": "Radio galaxies", "children": [{"name": "Fanaroff-Riley radio galaxies"}, {"name": "Giant radio galaxies"}, {"name": "Tailed radio galaxies"}]}, {"name": "Starburst galaxies", "children": [{"name": "Infrared galaxies", "children": [{"name": "IRAS galaxies"}, {"name": "Luminous infrared galaxies"}, {"name": "Ultraluminous infrared galaxies"}]}]}]}, {"name": "Compact galaxies", "children": [{"name": "N galaxies"}]}, {"name": "Companion galaxies"}, {"name": "Disk galaxies", "children": [{"name": "Lenticular galaxies"}, {"name": "Ring galaxies"}, {"name": "Spiral galaxies", "children": [{"name": "Andromeda Galaxy"}, {"name": "Barred spiral galaxies"}, {"name": "Milky Way Galaxy"}, {"name": "Triangulum Galaxy"}, {"name": "Unbarred spiral galaxies"}]}]}, {"name": "Double galaxies", "children": [{"name": "Dumbbell galaxies"}]}, {"name": "Dwarf galaxies", "children": [{"name": "Draco dwarf galaxy"}, {"name": "Dwarf elliptical galaxies", "children": [{"name": "Sculptor dwarf elliptical galaxy"}]}, {"name": "Dwarf irregular galaxies"}, {"name": "Dwarf spheroidal galaxies", "children": [{"name": "Fornax dwarf spheroidal galaxy"}, {"name": "Sagittarius dwarf spheroidal galaxy"}, {"name": "Ursa Minor dwarf spheroidal galaxy"}]}, {"name": "Nucleated dwarf galaxies"}, {"name": "Ultracompact dwarf galaxies"}]}, {"name": "Early-type galaxies", "children": [{"name": "E+A galaxies"}]}, {"name": "Elliptical galaxies", "children": [{"name": "D galaxies", "children": [{"name": "cD galaxies"}]}, {"name": "Giant elliptical galaxies"}]}, {"name": "Emission line galaxies", "children": [{"name": "LINER galaxies"}, {"name": "Markarian galaxies"}, {"name": "Seyfert galaxies"}]}, {"name": "Field galaxies"}, {"name": "Giant galaxies", "children": [{"name": "Brightest cluster galaxies"}, {"name": "Giant elliptical galaxies"}, {"name": "cD galaxies"}]}, {"name": "High-redshift galaxies"}, {"name": "High-velocity stars", "children": [{"name": "Halo stars"}, {"name": "Hypervelocity stars"}, {"name": "Runaway stars"}]}, {"name": "Infrared excess galaxies"}, {"name": "Interacting galaxies", "children": [{"name": "Galaxy collisions"}, {"name": "Galaxy mergers"}, {"name": "Galaxy pairs"}, {"name": "Galaxy tides"}, {"name": "Galaxy triplets"}]}, {"name": "Irregular galaxies", "children": [{"name": "I galaxies"}, {"name": "Magellanic Clouds", "children": [{"name": "Large Magellanic Cloud"}, {"name": "Magellanic Stream"}, {"name": "Small Magellanic Cloud"}]}]}, {"name": "L galaxies"}, {"name": "Late-type galaxies"}, {"name": "Lyman-alpha galaxies"}, {"name": "Lyman-break galaxies"}, {"name": "Primordial galaxies"}, {"name": "Protogalaxies"}, {"name": "Quasar-galaxy pairs"}, {"name": "Radio jets", "children": [{"name": "Polar jets"}, {"name": "Relativistic jets"}]}, {"name": "Starburst galaxies", "children": [{"name": "Infrared galaxies", "children": [{"name": "IRAS galaxies"}, {"name": "Luminous infrared galaxies"}, {"name": "Ultraluminous infrared galaxies"}]}]}]}, {"name": "Galaxy clusters", "children": [{"name": "Abell clusters"}, {"name": "Bautz-Morgan type"}, {"name": "Coma Cluster"}, {"name": "Intracluster medium"}, {"name": "Perseus Cluster"}, {"name": "Superclusters", "children": [{"name": "Virgo Supercluster"}]}, {"name": "Virgo Cluster"}]}, {"name": "Galaxy groups", "children": [{"name": "Hickson compact group"}, {"name": "Local Group", "children": [{"name": "Andromeda Galaxy"}, {"name": "Magellanic Clouds", "children": [{"name": "Large Magellanic Cloud"}, {"name": "Magellanic Stream"}, {"name": "Small Magellanic Cloud"}]}, {"name": "Milky Way Galaxy"}, {"name": "Triangulum Galaxy"}]}, {"name": "Seyfert's sextant"}, {"name": "Stefan's quintet"}]}, {"name": "Galaxy physics", "children": [{"name": "Galactic accretion disks"}, {"name": "Galaxy abundances"}, {"name": "Galaxy cluster counts"}, {"name": "Galaxy distances", "children": [{"name": "Holmberg radius"}, {"name": "Hubble radius"}]}, {"name": "Galaxy dynamics"}, {"name": "Galaxy encounters"}, {"name": "Galaxy formation", "children": [{"name": "Density wave model"}, {"name": "Stellar feedback"}]}, {"name": "Galaxy interactions", "children": [{"name": "Galaxy mergers"}]}, {"name": "Galaxy processes", "children": [{"name": "Galaxy accretion", "children": [{"name": "Galaxy infall"}]}, {"name": "Galaxy dynamics"}, {"name": "Galaxy evolution", "children": [{"name": "Galaxy chemical evolution", "children": [{"name": "Chemical enrichment"}]}]}, {"name": "Galaxy fountains"}, {"name": "Galaxy kinematics", "children": [{"name": "Galaxy anticenters"}, {"name": "Galaxy equators"}, {"name": "Galaxy planes"}, {"name": "Galaxy rotation", "children": [{"name": "Galaxy rotation curves"}, {"name": "Oort constants"}]}]}, {"name": "Galaxy winds"}]}, {"name": "Galaxy properties", "children": [{"name": "Galaxy ages"}, {"name": "Galaxy chemical composition"}, {"name": "Galaxy colors", "children": [{"name": "Blue cloud galaxies"}, {"name": "Green valley galaxies"}, {"name": "Red sequence galaxies"}]}, {"name": "Galaxy fountains"}, {"name": "Galaxy jets"}, {"name": "Galaxy luminosities"}, {"name": "Galaxy magnetic fields"}, {"name": "Galaxy magnitudes"}, {"name": "Galaxy masses", "children": [{"name": "Galaxy mass distribution", "children": [{"name": "Navarro-Frenk-White profile"}]}]}, {"name": "Galaxy radial velocities"}, {"name": "Galaxy radii"}, {"name": "Galaxy stellar content"}]}, {"name": "Galaxy spurs"}, {"name": "Galaxy structure", "children": [{"name": "Galaxy components", "children": [{"name": "Galaxy bulges"}, {"name": "Galaxy disks", "children": [{"name": "Stellar disks"}]}, {"name": "Galaxy halos", "children": [{"name": "Stellar rings"}]}, {"name": "Galaxy nuclei", "children": [{"name": "Active galactic nuclei", "children": [{"name": "Blazars"}, {"name": "Quasars", "children": [{"name": "Broad-absorption line quasar"}, {"name": "Double quasars"}, {"name": "Individual quasars"}, {"name": "Quasar-galaxy pairs"}, {"name": "Radio loud quasars"}, {"name": "Radio quiet quasars"}, {"name": "X-ray quasars"}]}, {"name": "Radio cores"}, {"name": "Radio hot spots"}, {"name": "Radio jets", "children": [{"name": "Polar jets"}, {"name": "Relativistic jets"}]}, {"name": "Radio lobes"}, {"name": "Radio plumes"}, {"name": "Relativistic disks"}]}, {"name": "Galaxy circumnuclear disk"}]}, {"name": "Spiral arms"}, {"name": "Tidal tails"}]}, {"name": "Radio cores"}, {"name": "Spiral pitch angle"}]}, {"name": "Galaxy voids"}, {"name": "Milky Way Galaxy physics", "children": [{"name": "Galactic anticenter"}, {"name": "Galactic center"}, {"name": "Galactic winds"}, {"name": "Gould Belt"}, {"name": "Milk Way dark matter halo"}, {"name": "Milky Way Galaxy fountains"}, {"name": "Milky Way disk"}, {"name": "Milky Way dynamics"}, {"name": "Milky Way evolution"}, {"name": "Milky Way formation"}, {"name": "Milky Way magnetic fields"}, {"name": "Milky Way mass"}, {"name": "Milky Way rotation"}, {"name": "Milky Way stellar halo"}, {"name": "Solar neighborhood"}]}, {"name": "Stellar kinematics", "children": [{"name": "Stellar motion", "children": [{"name": "Proper motions"}]}]}]}]}, {"name": "High energy astrophysics", "children": [{"name": "Active galactic nuclei", "children": [{"name": "Blazars"}, {"name": "Quasars", "children": [{"name": "Broad-absorption line quasar"}, {"name": "Double quasars"}, {"name": "Individual quasars"}, {"name": "Quasar-galaxy pairs"}, {"name": "Radio loud quasars"}, {"name": "Radio quiet quasars"}, {"name": "X-ray quasars"}]}, {"name": "Radio cores"}, {"name": "Radio hot spots"}, {"name": "Radio jets", "children": [{"name": "Polar jets"}, {"name": "Relativistic jets"}]}, {"name": "Radio lobes"}, {"name": "Radio plumes"}, {"name": "Relativistic disks"}]}, {"name": "Astroparticle physics", "children": [{"name": "Cosmic rays", "children": [{"name": "Cosmic ray showers"}, {"name": "Cosmic ray sources"}, {"name": "Forbush effect"}, {"name": "Galactic cosmic rays"}, {"name": "High-energy cosmic radiation"}, {"name": "Secondary cosmic rays"}, {"name": "Ultra-high-energy cosmic radiation"}]}, {"name": "Cosmological neutrinos"}, {"name": "Gamma rays", "children": [{"name": "Gamma-ray lines"}, {"name": "Gamma-ray sources", "children": [{"name": "Soft gamma ray repeaters"}]}]}, {"name": "Gravitational waves", "children": [{"name": "Gravitational wave sources"}, {"name": "pp waves"}]}, {"name": "Neutrino oscillation"}, {"name": "Solar neutrinos"}, {"name": "Supernova neutrinos"}, {"name": "Urca process"}]}, {"name": "Black hole physics", "children": [{"name": "Bekenstein\u2013Hawking entropy"}, {"name": "Black hole spin-flip"}, {"name": "Black hole thermodynamics"}, {"name": "Ergosphere"}, {"name": "Event horizons"}, {"name": "Hawking radiation"}, {"name": "Kruskal diagram"}, {"name": "Penrose process"}, {"name": "Photon sphere"}, {"name": "Quasinormal modes"}, {"name": "Trans-Planckian physics"}]}, {"name": "Black holes", "children": [{"name": "Astrophysical black holes", "children": [{"name": "Intermediate-mass black holes"}, {"name": "Primordial black holes"}, {"name": "Stellar mass black holes"}, {"name": "Supermassive black holes", "children": [{"name": "Quasars", "children": [{"name": "Broad-absorption line quasar"}, {"name": "Double quasars"}, {"name": "Individual quasars"}, {"name": "Quasar-galaxy pairs"}, {"name": "Radio loud quasars"}, {"name": "Radio quiet quasars"}, {"name": "X-ray quasars"}]}]}]}, {"name": "Classical black holes", "children": [{"name": "Charged black holes", "children": [{"name": "Kerr-Newman black holes"}, {"name": "Reissner\u2013Nordstr\u00f6m black holes"}]}, {"name": "Nonrotating black holes", "children": [{"name": "Reissner\u2013Nordstr\u00f6m black holes"}, {"name": "Schwarzschild black holes"}]}, {"name": "Rotating black holes", "children": [{"name": "Kerr black holes", "children": [{"name": "Maximal Kerr black holes"}]}, {"name": "Kerr-Newman black holes"}]}, {"name": "Uncharged black holes", "children": [{"name": "Kerr black holes", "children": [{"name": "Maximal Kerr black holes"}]}, {"name": "Schwarzschild black holes"}]}]}]}, {"name": "Burst astrophysics", "children": [{"name": "Gamma-ray bursts"}, {"name": "Optical bursts"}, {"name": "Radio bursts"}, {"name": "Rapid bursts"}, {"name": "X-ray bursts"}]}, {"name": "Dark matter", "children": [{"name": "Baryonic dark matter"}, {"name": "Cold dark matter"}, {"name": "Hot dark matter"}, {"name": "Warm dark matter"}]}, {"name": "Intracluster medium"}, {"name": "Jets", "children": [{"name": "Galaxy jets"}, {"name": "Plasma jets"}, {"name": "Radio jets", "children": [{"name": "Polar jets"}, {"name": "Relativistic jets"}]}, {"name": "Stellar jets"}]}, {"name": "Neutrino astronomy", "children": [{"name": "Neutrino masses"}, {"name": "Solar neutrino problem"}, {"name": "Urca process"}]}, {"name": "Plasma astrophysics", "children": [{"name": "Cosmic electrodynamics"}, {"name": "Space plasmas", "children": [{"name": "Alfven waves"}]}]}, {"name": "Relativistic binary stars"}, {"name": "Seyfert galaxies"}, {"name": "Warm-hot intergalactic medium"}]}, {"name": "Interdisciplinary astronomy", "children": [{"name": "Archaeoastronomy", "children": [{"name": "Ethnoastronomy"}, {"name": "Megalithic astronomy"}]}, {"name": "Astrobiology", "children": [{"name": "Exobiology"}, {"name": "Xenobiology"}]}, {"name": "Astrochemistry", "children": [{"name": "CII region"}, {"name": "Chemical abundances", "children": [{"name": "Abundance ratio"}, {"name": "Cosmic abundance"}, {"name": "Frozen in elements"}, {"name": "Galaxy abundances"}, {"name": "Interstellar abundances"}, {"name": "Isotopic abundance"}, {"name": "Metal abundance"}, {"name": "Nuclear abundances"}, {"name": "Overabundance"}, {"name": "Stellar abundances", "children": [{"name": "Beryllium"}, {"name": "Boron"}, {"name": "Helium"}, {"name": "Lithium"}]}, {"name": "Underabundance"}]}, {"name": "Cosmochemistry"}, {"name": "Diffuse interstellar bands"}]}, {"name": "Astrophysical fluid dynamics", "children": [{"name": "Hydrodynamical simulations"}, {"name": "Internal waves"}]}, {"name": "Molecular astrophysics"}, {"name": "Philosophy of astronomy"}, {"name": "Sociology of astronomy"}]}, {"name": "Interstellar medium", "children": [{"name": "Astrophysical masers", "children": [{"name": "Hydroxyl masers"}, {"name": "Megamasers"}, {"name": "Silicon monoxide masers"}, {"name": "Water masers"}]}, {"name": "Intercloud medium"}, {"name": "Interstellar absorption", "children": [{"name": "Diffuse interstellar bands"}, {"name": "Interstellar dust extinction"}, {"name": "Interstellar line absorption"}]}, {"name": "Interstellar atomic gas"}, {"name": "Interstellar clouds", "children": [{"name": "Dark interstellar clouds", "children": [{"name": "Bok globules"}, {"name": "Cometary globules"}, {"name": "Infrared dark clouds"}]}, {"name": "Dense interstellar clouds"}, {"name": "Diffuse interstellar clouds"}, {"name": "Evaporating gaseous globules"}, {"name": "High-velocity clouds", "children": [{"name": "Magellanic Stream"}]}, {"name": "Interstellar dust", "children": [{"name": "Carbonaceous grains"}, {"name": "Polycyclic aromatic hydrocarbons"}, {"name": "Silicate grains"}, {"name": "Very small grains"}]}, {"name": "Molecular clouds", "children": [{"name": "Collapsing clouds"}, {"name": "Diffuse molecular clouds"}, {"name": "Giant molecular clouds"}, {"name": "Infrared dark clouds"}, {"name": "Photodissociation regions"}]}, {"name": "Neutral hydrogen clouds"}, {"name": "Plasma clouds"}]}, {"name": "Interstellar dynamics"}, {"name": "Interstellar emissions", "children": [{"name": "Continuum radio emission"}, {"name": "Dust continuum emission"}, {"name": "Interstellar cyclotron emission"}, {"name": "Interstellar line emission", "children": [{"name": "CO line emission"}, {"name": "H1 line emission"}]}, {"name": "Interstellar masers"}, {"name": "Interstellar synchrotron emission"}, {"name": "Interstellar thermal emission"}]}, {"name": "Interstellar filaments"}, {"name": "Interstellar magnetic fields"}, {"name": "Interstellar molecules"}, {"name": "Interstellar phases", "children": [{"name": "Cold neutral medium"}, {"name": "Hot ionized medium"}, {"name": "Molecular gas"}, {"name": "Warm ionized medium"}, {"name": "Warm neutral medium"}]}, {"name": "Interstellar plasma"}, {"name": "Interstellar radiation field"}, {"name": "Interstellar scattering", "children": [{"name": "Interstellar dust extinction"}]}, {"name": "Nebulae", "children": [{"name": "Bipolar nebulae"}, {"name": "Bright nebulae"}, {"name": "Cometary nebulae"}, {"name": "Compact nebulae"}, {"name": "Dark interstellar clouds", "children": [{"name": "Bok globules"}, {"name": "Cometary globules"}, {"name": "Infrared dark clouds"}]}, {"name": "Diffuse nebulae"}, {"name": "Dust nebulae"}, {"name": "Emission nebulae", "children": [{"name": "H II regions", "children": [{"name": "Bok globules"}, {"name": "Compact H II region"}]}, {"name": "Planetary nebulae", "children": [{"name": "Individual planetary nebulae"}, {"name": "Planetary nebulae nuclei"}]}]}, {"name": "Filamentary nebulae"}, {"name": "Gaseous nebulae"}, {"name": "H I regions", "children": [{"name": "HI shells"}]}, {"name": "Pre-solar nebulae"}, {"name": "Protoplanetary nebulae"}, {"name": "Reflection nebulae"}, {"name": "Ring nebulae"}, {"name": "Supernova remnants"}]}, {"name": "Protostars", "children": [{"name": "Bok globules"}, {"name": "Cocoon stars"}, {"name": "Cometary nebulae"}, {"name": "Proplyds"}, {"name": "Young stellar objects", "children": [{"name": "Pre-main sequence stars", "children": [{"name": "Herbig Ae/Be stars"}, {"name": "Herbig-Haro objects"}, {"name": "T Tauri stars", "children": [{"name": "Classical T Tauri stars"}, {"name": "FU Orionis stars"}, {"name": "Weak-line T Tauri stars"}]}]}]}]}, {"name": "Stellar bridges"}, {"name": "Stellar wind bubbles", "children": [{"name": "Heliosphere", "children": [{"name": "Heliopause"}, {"name": "Heliosheath"}, {"name": "Stellar bow shocks"}, {"name": "Termination shock"}]}]}, {"name": "Stellar-interstellar interactions", "children": [{"name": "Astrospheres"}, {"name": "Interstellar medium wind"}, {"name": "Stellar jets"}, {"name": "Stellar winds"}]}, {"name": "Superbubbles"}, {"name": "Supernova remnants"}, {"name": "Tidal tails"}]}, {"name": "Observational astronomy", "children": [{"name": "Astronomical research", "children": [{"name": "Amateur astronomers"}, {"name": "Analytical mathematics", "children": [{"name": "Astronomical models", "children": [{"name": "Burkert profile"}, {"name": "Gas-to-dust ratio"}, {"name": "Mass-to-light ratio"}, {"name": "Oort constants"}, {"name": "Star counts"}]}, {"name": "Luminosity function"}, {"name": "Perturbation methods"}, {"name": "Radiative transfer equation"}, {"name": "von Zeipel theorem"}]}, {"name": "Astronomers"}, {"name": "Astronomical reference materials", "children": [{"name": "Almanacs", "children": [{"name": "Nautical almanacs"}]}, {"name": "Astronomical databases"}, {"name": "Calendars"}, {"name": "Catalogs", "children": [{"name": "Astrographic catalogs"}, {"name": "Celestial objects catalogs"}, {"name": "FK catalog"}, {"name": "Henry Draper catalog"}, {"name": "Radio source catalogs"}, {"name": "Sky surveys"}]}, {"name": "Ephemerides"}, {"name": "Finding charts"}, {"name": "Finding lists"}, {"name": "Star atlases"}, {"name": "Surveys", "children": [{"name": "Galaxy counts"}, {"name": "Kapteyn Selected Areas"}, {"name": "Radio source counts"}, {"name": "Redshift surveys"}, {"name": "Sky surveys"}, {"name": "Star counts"}, {"name": "Ultraviolet surveys"}, {"name": "X-ray surveys"}]}]}, {"name": "Astronomical site protection"}, {"name": "Astrophysicists"}, {"name": "Classification systems", "children": [{"name": "Galaxy classification systems", "children": [{"name": "DDO classification"}, {"name": "De Vaucouleurs Sandage classification"}, {"name": "Hubble classification scheme"}]}, {"name": "Hertzsprung Russell diagrams", "children": [{"name": "Blue loop"}, {"name": "Giant branches", "children": [{"name": "Red giant branch", "children": [{"name": "Red giant bump"}, {"name": "Red giant clump"}, {"name": "Red giant tip"}]}]}, {"name": "Hertzsprung gap"}, {"name": "Instability strip"}, {"name": "Post-asymptotic giant branch"}, {"name": "Turnoff point"}]}, {"name": "Luminosity classification", "children": [{"name": "Kappa mechanism"}]}, {"name": "Stellar classification", "children": [{"name": "Henry Draper Catalogue"}, {"name": "Yerkes classification"}]}, {"name": "Stellar evolutionary tracks", "children": [{"name": "Hayashi track"}, {"name": "Henyey track"}]}]}, {"name": "Sociology of astronomy"}, {"name": "Space research", "children": [{"name": "Microgravity"}]}]}, {"name": "Instrumentation", "children": [{"name": "Astronomical detectors", "children": [{"name": "CMBR detectors"}, {"name": "Cosmic ray detectors"}, {"name": "Dark matter detectors"}, {"name": "Gamma-ray detectors"}, {"name": "Gravitational wave detectors"}, {"name": "Radio receivers"}, {"name": "X-ray detectors"}]}, {"name": "Early astronomical instruments", "children": [{"name": "Armillary spheres"}, {"name": "Astronomical sextants"}, {"name": "Orreries"}, {"name": "Photoheliographs"}, {"name": "Ptolemy stones"}, {"name": "Stone circles"}, {"name": "Zenith tubes"}]}, {"name": "High altitude balloons"}, {"name": "Interferometers", "children": [{"name": "Fabry-Perot interferometers"}, {"name": "Mach-Zehnder interferometers"}, {"name": "Michelson interferometers"}]}, {"name": "Observatories", "children": [{"name": "Antarctic observatories"}, {"name": "Domes"}, {"name": "Gamma-ray observatories"}, {"name": "Infrared observatories", "children": [{"name": "Infrared Astronomical Satellite"}]}, {"name": "Optical observatories", "children": [{"name": "Hubble Space Telescope"}]}, {"name": "Radio observatories"}, {"name": "Solar observatories"}, {"name": "Space observatories", "children": [{"name": "Gamma-ray observatories"}, {"name": "Hubble Space Telescope"}, {"name": "Infrared Astronomical Satellite"}]}, {"name": "Ultraviolet observatories", "children": [{"name": "Hubble Space Telescope"}]}, {"name": "X-ray observatories"}]}, {"name": "Polarimeters"}, {"name": "Siderostats"}, {"name": "Solar instruments"}, {"name": "Space vehicles", "children": [{"name": "Artificial satellites", "children": [{"name": "Geosynchronous satellites", "children": [{"name": "Geostationary satellites"}]}]}, {"name": "Hall thrusters"}, {"name": "Space debris"}, {"name": "Space probes", "children": [{"name": "Deep space probes"}, {"name": "Flyby missions"}, {"name": "Landers"}, {"name": "Lunar probes"}, {"name": "Orbiters"}, {"name": "Planetary probes"}, {"name": "Rovers"}]}, {"name": "Space vehicle instruments", "children": [{"name": "Space telescopes", "children": [{"name": "Gamma-ray telescopes"}, {"name": "Infrared telescopes"}, {"name": "Ultraviolet telescopes"}, {"name": "X-ray telescopes"}]}]}]}, {"name": "Spectrometers", "children": [{"name": "Mass spectrometers"}]}, {"name": "Stellar tracking devices", "children": [{"name": "Coelostats"}, {"name": "Heliostats"}, {"name": "Siderostats"}]}, {"name": "Telescopes", "children": [{"name": "Automated telescopes", "children": [{"name": "Automatic patrol telescopes"}]}, {"name": "Gamma ray telescopes"}, {"name": "Grazing incidence telescopes"}, {"name": "Ground telescopes"}, {"name": "Meridian circles"}, {"name": "Neutrino telescopes"}, {"name": "Optical telescopes", "children": [{"name": "Catadioptric telescopes", "children": [{"name": "Baker-Nunn cameras"}, {"name": "Bouwers telescope"}, {"name": "Maksutov telescopes"}, {"name": "Schmidt cameras"}, {"name": "Schmidt-Cassegrain telescopes"}]}, {"name": "Multiple mirror telescope"}, {"name": "Reflecting telescopes", "children": [{"name": "Cassegrain telescopes", "children": [{"name": "Ritchey\u2013Chr\u00e9tien telescopes"}]}, {"name": "Gregorian telescopes"}, {"name": "Newtonian telescopes", "children": [{"name": "Dobsonian telescopes"}]}]}, {"name": "Refracting telescopes"}, {"name": "Solar optical telescopes"}, {"name": "Very Large Telescope"}]}, {"name": "Radio telescopes", "children": [{"name": "Heterodyne receivers"}, {"name": "Radar telescopes"}, {"name": "Radio interferometers", "children": [{"name": "Long baseline interferometers"}, {"name": "Very Large Array"}, {"name": "Very long baseline interferometers"}]}, {"name": "Radioheliographs"}, {"name": "Single-dish antennas"}, {"name": "Solar radio telescopes"}]}, {"name": "Solar telescopes", "children": [{"name": "Radioheliographs"}, {"name": "Solar optical telescopes"}, {"name": "Solar radio telescopes"}]}, {"name": "Space telescopes", "children": [{"name": "Gamma-ray telescopes"}, {"name": "Infrared telescopes"}, {"name": "Ultraviolet telescopes"}, {"name": "X-ray telescopes"}]}, {"name": "Telescope mounts", "children": [{"name": "Alt-azimuth mounts"}, {"name": "Equatorial mounts", "children": [{"name": "English mounts"}, {"name": "Fork mounts"}, {"name": "German equatorial mounts"}, {"name": "Horseshoe mounts"}, {"name": "Yoke mounts"}]}]}, {"name": "Wide-field telescopes", "children": [{"name": "All-sky cameras", "children": [{"name": "Cloud monitors"}]}, {"name": "Baker-Nunn cameras"}]}]}, {"name": "Transit instruments", "children": [{"name": "Meridian circles"}, {"name": "Zenith telescopes"}, {"name": "Zenith tubes"}]}]}, {"name": "Methods", "children": [{"name": "Amateur astronomy", "children": [{"name": "Night vision"}, {"name": "Purkinje effect"}]}, {"name": "Astrophotography", "children": [{"name": "Darkrooms"}, {"name": "Remote telescope astrophotography"}, {"name": "Telescope focal plane photography"}]}, {"name": "Computational astronomy", "children": [{"name": "Astroinformatics"}, {"name": "Astronomical databases"}, {"name": "Virtual observatories"}]}, {"name": "Cosmic ray astronomy"}, {"name": "Gamma-ray astronomy"}, {"name": "Gravitational wave astronomy"}, {"name": "Ground-based astronomy"}, {"name": "Infrared astronomy", "children": [{"name": "Far infrared astronomy"}, {"name": "Far-infrared astronomy"}, {"name": "Infrared excess"}, {"name": "Near infrared astronomy"}]}, {"name": "Neutrino astronomy", "children": [{"name": "Neutrino masses"}, {"name": "Solar neutrino problem"}, {"name": "Urca process"}]}, {"name": "Observational cosmology", "children": [{"name": "Cosmological constant", "children": [{"name": "Cosmological constant experiments"}]}, {"name": "Hubble constant"}]}, {"name": "Radar astronomy"}, {"name": "Radio astronomy", "children": [{"name": "Brightness temperature"}, {"name": "Cosmic noise", "children": [{"name": "Cosmic microwave background radiation", "children": [{"name": "Cosmic anisotropy"}, {"name": "Cosmic isotropy"}]}]}, {"name": "Interplanetary scintillation"}, {"name": "Interstellar scintillation"}, {"name": "Millimeter astronomy"}, {"name": "Radio astrometry"}, {"name": "Radio spectroscopy"}, {"name": "Spectral index"}, {"name": "Submillimeter astronomy"}, {"name": "Sunyaev-Zeldovich effect"}]}, {"name": "Ultraviolet astronomy", "children": [{"name": "Near ultraviolet astronomy"}]}, {"name": "Visible astronomy"}, {"name": "Visual observation", "children": [{"name": "Limb brightening"}, {"name": "Limb darkening"}, {"name": "Optical doubles"}, {"name": "Optical identification"}, {"name": "Zenith hourly rate"}]}, {"name": "X-ray astronomy", "children": [{"name": "X-ray bright point"}, {"name": "X-ray identification"}]}]}, {"name": "Techniques", "children": [{"name": "Astrometry", "children": [{"name": "Astronomical coordinate systems", "children": [{"name": "Ecliptic coordinate system", "children": [{"name": "Ecliptic latitude"}, {"name": "Ecliptic longitude"}, {"name": "Ecliptic poles", "children": [{"name": "North ecliptic pole"}, {"name": "South ecliptic pole"}]}]}, {"name": "Equatorial coordinate system", "children": [{"name": "Celestial equator"}, {"name": "Celestial poles", "children": [{"name": "North celestial pole"}, {"name": "South celestial pole"}]}, {"name": "Celestial sphere", "children": [{"name": "Constellations"}]}, {"name": "Declination"}, {"name": "Equatorial zone"}, {"name": "Equinox", "children": [{"name": "Autumnal equinox"}, {"name": "Vernal equinox"}]}, {"name": "Equinox correction"}, {"name": "Hour angle"}, {"name": "Right ascension"}, {"name": "Solstice", "children": [{"name": "Summer solstice"}, {"name": "Winter solstice"}]}]}, {"name": "Galactic coordinate system", "children": [{"name": "Galactic latitude"}, {"name": "Galactic longitude"}, {"name": "Galactic poles", "children": [{"name": "North galactic pole"}, {"name": "South galactic pole"}]}, {"name": "Quadrants"}]}, {"name": "Horizontal coordinate system", "children": [{"name": "Altitude angle"}, {"name": "Azimuth"}, {"name": "Meridian"}, {"name": "Nadir"}, {"name": "Vertical circle"}, {"name": "Zenith"}]}, {"name": "Supergalactic coordinate system", "children": [{"name": "Supergalactic latitude"}, {"name": "Supergalactic longitude"}]}]}, {"name": "Astronomical location", "children": [{"name": "Angular separation"}, {"name": "Apparent position"}, {"name": "Conjunction"}, {"name": "Line of sight"}, {"name": "Opposition"}, {"name": "Optical position"}, {"name": "True position"}]}, {"name": "Baade-Wesselink method"}, {"name": "Bolometric correction"}, {"name": "Brightness temperature"}, {"name": "Distance measure", "children": [{"name": "Astronomical unit"}, {"name": "Light year"}, {"name": "Parsec"}]}, {"name": "Effective temperature"}, {"name": "Equator position"}, {"name": "Fundamental parameters of stars"}, {"name": "Magnitude", "children": [{"name": "Absolute magnitude", "children": [{"name": "Wilson-Bappu Effect"}]}, {"name": "Apparent magnitude", "children": [{"name": "Limiting magnitude"}, {"name": "Period determination"}, {"name": "Photoelectric magnitude"}, {"name": "Photographic magnitude"}, {"name": "Photovisual magnitude"}, {"name": "Pogson scale"}, {"name": "Two-color diagrams"}, {"name": "Variable star period change"}]}, {"name": "Integrated magnitude"}]}, {"name": "Parallax", "children": [{"name": "Annual parallax"}, {"name": "Diurnal parallax", "children": [{"name": "Horizontal parallax"}]}, {"name": "Dynamical parallax"}, {"name": "Kinematic parallax"}, {"name": "Moving cluster parallax"}, {"name": "Photometric parallax"}, {"name": "Secular parallax"}, {"name": "Statistical parallax"}, {"name": "Stellar parallax", "children": [{"name": "Solar parallax"}]}, {"name": "Trigonometric parallax"}]}, {"name": "Phase angle"}, {"name": "Phase defect"}, {"name": "Phase effect"}, {"name": "Phase error"}, {"name": "Photographic astrometry", "children": [{"name": "Photogrammetry"}]}, {"name": "Radial velocity"}, {"name": "Radio astrometry"}, {"name": "Relativistic aberration"}, {"name": "Relaxation time"}, {"name": "Sky noise"}, {"name": "Solar constant"}, {"name": "Space astrometry"}, {"name": "Spectral index"}, {"name": "Standard stars", "children": [{"name": "Comparison stars"}, {"name": "Photometric standard stars"}]}, {"name": "Stellar distance", "children": [{"name": "Cepheid distance"}, {"name": "Distance indicators"}, {"name": "Faber-Jackson distance"}, {"name": "Standard candles"}]}, {"name": "Syzygy", "children": [{"name": "Eclipses", "children": [{"name": "Annular eclipses"}, {"name": "Antumbra"}, {"name": "Baily's beads"}, {"name": "Lunar eclipses", "children": [{"name": "Saros cycle"}]}, {"name": "Partial eclipses"}, {"name": "Penumbra"}, {"name": "Solar eclipses", "children": [{"name": "Diamond ring effect"}, {"name": "Flash spectra"}, {"name": "Shadow bands"}]}, {"name": "Total eclipses"}, {"name": "Umbra"}, {"name": "Zone of totality"}]}, {"name": "Occultation", "children": [{"name": "Asteroid occultation"}, {"name": "Lunar occultation"}, {"name": "Occulting disks"}, {"name": "Radio occultation"}]}, {"name": "Transits"}]}, {"name": "Two-color diagrams"}, {"name": "Wolf diagram"}]}, {"name": "Astronomical object identification"}, {"name": "Astronomical optics", "children": [{"name": "Astronomical seeing"}, {"name": "Atmospheric refraction"}, {"name": "Atmospheric scintillation", "children": [{"name": "Ionospheric scintillation"}]}, {"name": "Collimation"}, {"name": "Dark adaption"}, {"name": "Extinction", "children": [{"name": "Atmospheric extinction", "children": [{"name": "Ultraviolet extinction"}]}, {"name": "Interstellar extinction", "children": [{"name": "Interstellar reddening"}, {"name": "Reddened stars"}]}, {"name": "Reddening law"}]}, {"name": "Interplanetary scintillation"}, {"name": "Interstellar scintillation"}, {"name": "Laser guide stars"}, {"name": "Stellar atmospheric opacity"}]}, {"name": "CCD observation"}, {"name": "Coronographic imaging"}, {"name": "Doppler imaging", "children": [{"name": "Zeeman\u2013Doppler imaging"}]}, {"name": "Doppler shift", "children": [{"name": "Blueshifted"}, {"name": "Redshifted"}]}, {"name": "Drift scan imaging"}, {"name": "Field of view"}, {"name": "High time resolution astrophysics"}, {"name": "Interferometry", "children": [{"name": "Adaptive interferometry"}, {"name": "Aperture synthesis"}, {"name": "Atom interferometry"}, {"name": "Direct detection interferometry"}, {"name": "Heterodyne interferometry"}, {"name": "Holographic interferometry"}, {"name": "Interferometric correlation"}, {"name": "Laser interferometry", "children": [{"name": "LIGO"}]}, {"name": "Long baseline interferometry"}, {"name": "Neutron interferometry"}, {"name": "Nonclassical interferometry"}, {"name": "Optical interferometry", "children": [{"name": "Optical phase shifting interferometry", "children": [{"name": "Mach-Zehnder interferometers"}, {"name": "Michelson interferometry"}]}]}, {"name": "Phase switching"}, {"name": "Radio interferometry", "children": [{"name": "Very long baseline interferometry"}]}, {"name": "Speckle interferometry"}, {"name": "Visibility function"}]}, {"name": "Optical observation"}, {"name": "Photometry", "children": [{"name": "CCD photometry"}, {"name": "Galaxy photometry"}, {"name": "Light curves"}, {"name": "Photoelectric photometry"}, {"name": "Photographic photometry", "children": [{"name": "Photogrammetry"}]}, {"name": "Photometric standard stars"}, {"name": "Photometric systems", "children": [{"name": "Broad band photometry", "children": [{"name": "BV photometry"}, {"name": "Bessel photometry"}, {"name": "Cape RI photometry"}, {"name": "Cape photometry"}, {"name": "Gunn photometry"}, {"name": "HST photometry"}, {"name": "Johnson photometry"}, {"name": "Kron-Cousins photometry"}, {"name": "RGB photometry"}, {"name": "RGU photometry"}, {"name": "Sloan photometry"}]}, {"name": "Color equations"}, {"name": "Medium band photometry", "children": [{"name": "DDO photometry"}, {"name": "Geneva photometry"}, {"name": "Str\u00f6mgren photometric system"}, {"name": "Vilnius photometry"}, {"name": "Walraven photometry"}]}, {"name": "Multi-color photometry"}, {"name": "Narrow band photometry", "children": [{"name": "H alpha photometry"}, {"name": "H beta photometry"}]}]}, {"name": "Spectrophotometry", "children": [{"name": "Flux calibration"}, {"name": "Spectrophotometric standards"}]}, {"name": "Stellar photometry"}, {"name": "Surface photometry"}, {"name": "Two-color diagrams"}, {"name": "Waveband photometry", "children": [{"name": "Infrared photometry"}, {"name": "Ultraviolet photometry", "children": [{"name": "Ultraviolet color"}]}, {"name": "X-ray photometry", "children": [{"name": "Hardness ratio"}]}]}]}, {"name": "Pointing accuracy", "children": [{"name": "Pointing error"}]}, {"name": "Polarimetry", "children": [{"name": "Polarimetry [Exoplanets]"}]}, {"name": "Spectroscopy", "children": [{"name": "Lyman alpha forest"}]}]}]}, {"name": "Solar astronomy", "children": [{"name": "CNO anomaly"}, {"name": "Helioseismology", "children": [{"name": "Helioseismic pulsations"}, {"name": "Solar cycle", "children": [{"name": "Active sun"}, {"name": "Quiet sun"}, {"name": "Sunspot cycle"}]}, {"name": "Solar magnetic fields", "children": [{"name": "Solar magnetic reconnection"}]}]}, {"name": "Solar abundances"}, {"name": "Solar activity", "children": [{"name": "Solar flares", "children": [{"name": "Radio flares"}, {"name": "X-ray flares"}]}, {"name": "Solar prominences", "children": [{"name": "Quiescent prominence"}]}, {"name": "Solar storm"}, {"name": "Sunspots", "children": [{"name": "Ephemeral active regions"}, {"name": "Maunder minimum"}, {"name": "Penumbral filaments"}, {"name": "Sunspot groups", "children": [{"name": "Bipolar sunspot groups"}]}, {"name": "Sunspot number"}, {"name": "Wilson effect"}]}]}, {"name": "Solar atmosphere", "children": [{"name": "Solar chromosphere", "children": [{"name": "Plages"}]}, {"name": "Solar corona", "children": [{"name": "M region"}, {"name": "Solar coronal holes"}, {"name": "Solar coronal loops"}, {"name": "Solar coronal streamers"}, {"name": "Solar transition region"}]}, {"name": "Solar photosphere"}]}, {"name": "Solar electromagnetic emission", "children": [{"name": "Solar X-ray emission"}, {"name": "Solar extreme ultraviolet emission"}, {"name": "Solar gamma ray emission"}, {"name": "Solar radio emission"}, {"name": "Solar ultraviolet emission"}]}, {"name": "Solar evolution", "children": [{"name": "Solar nebulae"}]}, {"name": "Solar faculae"}, {"name": "Solar filaments"}, {"name": "Solar flares", "children": [{"name": "Radio flares"}, {"name": "X-ray flares"}]}, {"name": "Solar granulation", "children": [{"name": "Mesogranulation"}, {"name": "Supergranulation"}]}, {"name": "Solar interior", "children": [{"name": "Solar core"}]}, {"name": "Solar motion", "children": [{"name": "Antapex"}, {"name": "Apex"}, {"name": "Solar atmospheric motions"}]}, {"name": "Solar oscillations"}, {"name": "Solar particle emission", "children": [{"name": "Solar energetic particles"}, {"name": "Solar neutrons"}]}, {"name": "Solar properties", "children": [{"name": "Solar composition"}, {"name": "Solar diameter"}, {"name": "Solar irradiance"}, {"name": "Solar magnetic fields", "children": [{"name": "Solar magnetic reconnection"}]}, {"name": "Solar magnetism"}, {"name": "Solar mass"}, {"name": "Solar rotation"}]}, {"name": "Solar radiation", "children": [{"name": "Diffuse radiation"}]}, {"name": "Solar rotation"}, {"name": "Solar spicules", "children": [{"name": "Fibrils"}, {"name": "Mottles"}, {"name": "Solar macrospicules"}]}, {"name": "Solar surface"}, {"name": "Solar wind", "children": [{"name": "Heliopause"}]}, {"name": "Sunspots", "children": [{"name": "Ephemeral active regions"}, {"name": "Maunder minimum"}, {"name": "Penumbral filaments"}, {"name": "Sunspot groups", "children": [{"name": "Bipolar sunspot groups"}]}, {"name": "Sunspot number"}, {"name": "Wilson effect"}]}]}, {"name": "Solar system astronomy", "children": [{"name": "Earth-moon system"}, {"name": "Lunar science", "children": [{"name": "Lunar atmosphere"}, {"name": "Lunar evolution"}, {"name": "Lunar origin"}, {"name": "Lunar phase"}, {"name": "Lunar theory", "children": [{"name": "Annual equation"}, {"name": "Anomalistic month"}, {"name": "Lunar node regression"}]}, {"name": "Selenology", "children": [{"name": "Lunar features", "children": [{"name": "Lunar craters"}, {"name": "Lunar domes"}, {"name": "Lunar highlands"}, {"name": "Lunar maria"}, {"name": "Lunar mountains"}, {"name": "Lunar rays"}, {"name": "Lunar rilles"}, {"name": "Lunar transient phenomena"}]}, {"name": "Lunar geodesy"}, {"name": "Lunar gravitational field"}, {"name": "Lunar interior", "children": [{"name": "Lunar composition"}, {"name": "Lunar seismology"}]}, {"name": "Lunar magnetic fields"}, {"name": "Lunar surface", "children": [{"name": "Lunar geochronology"}, {"name": "Lunar impacts"}, {"name": "Lunar mineralogy"}, {"name": "Lunar petrology"}]}]}]}, {"name": "Planetary science", "children": [{"name": "Atmospheric science", "children": [{"name": "Aeronomy"}, {"name": "Atmospheric effects", "children": [{"name": "Seasonal phenomena"}, {"name": "Sky brightness", "children": [{"name": "Night sky brightness", "children": [{"name": "Gegenschein"}]}, {"name": "Twilight"}]}]}]}, {"name": "Impact phenomena"}, {"name": "Interplanetary magnetic fields"}, {"name": "Interplanetary physics", "children": [{"name": "Cometary studies", "children": [{"name": "Comet interiors"}, {"name": "Cometary atmospheres"}, {"name": "Cometary ionospheres"}, {"name": "Dirty snowball theory"}]}, {"name": "Corotating streams"}, {"name": "Interplanetary discontinuities"}, {"name": "Interplanetary particle acceleration"}, {"name": "Interplanetary shocks"}, {"name": "Interplanetary turbulence"}, {"name": "Meteor showers", "children": [{"name": "Meteor radiants"}]}, {"name": "Meteorite composition"}, {"name": "Pickup ions"}, {"name": "Planetary bow shocks"}, {"name": "Solar energetic particles"}, {"name": "Solar wind termination"}]}, {"name": "Planetary alignment"}, {"name": "Planetary atmospheres", "children": [{"name": "Atmospheric tides"}, {"name": "Earth atmosphere", "children": [{"name": "Atmospheric circulation"}, {"name": "Atmospheric tides"}, {"name": "Clouds", "children": [{"name": "Cirrus castellanus"}, {"name": "Cirrus fibratus"}, {"name": "Cirrus floccus"}, {"name": "Cirrus spissatus"}, {"name": "Cirrus uncinus"}, {"name": "Cirrus vertebratus"}, {"name": "Noctilucent clouds"}]}, {"name": "Exosphere", "children": [{"name": "Geocorona"}]}, {"name": "Greenhouse gases", "children": [{"name": "Carbon dioxide"}, {"name": "Chlorofluorocarbons"}, {"name": "Methane"}, {"name": "Nitrous oxide"}, {"name": "Water vapor"}]}, {"name": "Humidity"}, {"name": "Ionosphere", "children": [{"name": "D layer"}, {"name": "E layer"}, {"name": "F layer"}]}, {"name": "Land-atmosphere interactions"}, {"name": "Magnetosphere", "children": [{"name": "Plasmapause"}, {"name": "Van Allen radiation belt"}]}, {"name": "Mesopause"}, {"name": "Mesosphere"}, {"name": "Ocean-atmosphere interactions"}, {"name": "Ozone layer"}, {"name": "Stratopause"}, {"name": "Stratosphere"}, {"name": "Thermosphere"}, {"name": "Tropopause"}, {"name": "Troposphere"}]}, {"name": "Planetary boundary layers"}, {"name": "Scale height"}, {"name": "Stratopause"}, {"name": "Upper atmosphere"}, {"name": "Water vapor"}]}, {"name": "Planetary structure", "children": [{"name": "Hydrosphere"}, {"name": "Lithosphere"}, {"name": "Mantle"}, {"name": "Oblateness"}, {"name": "Planetary cores"}, {"name": "Planetary interior"}, {"name": "Planetary polar regions"}, {"name": "Plate tectonics"}, {"name": "Polar caps"}, {"name": "Volcanoes"}]}, {"name": "Planetary system formation", "children": [{"name": "Planet formation"}, {"name": "Protoplanetary disks", "children": [{"name": "Planetesimals"}]}, {"name": "Solar system formation"}]}, {"name": "Planetary theory"}, {"name": "Satellite formation"}, {"name": "Solar-planetary interactions", "children": [{"name": "Solar-terrestrial interactions"}]}, {"name": "Surface gravity"}]}, {"name": "Solar system", "children": [{"name": "Asteroid belt"}, {"name": "Heliosphere", "children": [{"name": "Heliopause"}, {"name": "Heliosheath"}, {"name": "Stellar bow shocks"}, {"name": "Termination shock"}]}, {"name": "Interplanetary medium", "children": [{"name": "Interplanetary dust", "children": [{"name": "Meteoroid dust clouds"}, {"name": "Zodiacal cloud"}]}, {"name": "Interplanetary gas"}, {"name": "Interplanetary grains"}, {"name": "Protoplanetary disks", "children": [{"name": "Planetesimals"}]}]}, {"name": "Kuiper belt", "children": [{"name": "Trans-Neptunian objects", "children": [{"name": "Classical Kuiper belt objects", "children": [{"name": "Borasisi"}, {"name": "Chaos"}, {"name": "Deucalion"}, {"name": "Logos"}, {"name": "Makemake"}, {"name": "Quaoar"}, {"name": "Teharonhiawako"}, {"name": "Varuna"}]}, {"name": "Detached objects"}, {"name": "Neptune trojans"}, {"name": "Plutoids", "children": [{"name": "Eris"}, {"name": "Haumea"}, {"name": "Makemake"}, {"name": "Pluto"}, {"name": "Quaoar"}, {"name": "Sedna"}]}, {"name": "Resonant Kuiper belt objects", "children": [{"name": "Plutinos", "children": [{"name": "Huya"}, {"name": "Ixion"}, {"name": "Orcus"}, {"name": "Pluto"}]}, {"name": "Scattered disk objects", "children": [{"name": "Eris"}, {"name": "Sedna"}]}, {"name": "Twotinos"}]}]}]}, {"name": "Meteoroids", "children": [{"name": "Meteorites", "children": [{"name": "Achondrites"}, {"name": "Aerolites"}, {"name": "Ataxites"}, {"name": "Bediasites"}, {"name": "Chondrites", "children": [{"name": "Carbonaceous chondrites"}, {"name": "Chondrules"}]}, {"name": "Iron meteorites"}, {"name": "Micrometeorites"}, {"name": "Moldavites"}, {"name": "Tektites", "children": [{"name": "Australites"}, {"name": "Bediasites"}, {"name": "Indochinites"}, {"name": "Moldavites"}]}]}, {"name": "Meteors", "children": [{"name": "Fireballs", "children": [{"name": "Bolides"}]}, {"name": "Meteor streams"}, {"name": "Meteor trails"}]}, {"name": "Micrometeoroids"}]}, {"name": "Meteors", "children": [{"name": "Fireballs", "children": [{"name": "Bolides"}]}, {"name": "Meteor streams"}, {"name": "Meteor trails"}]}, {"name": "Natural satellites", "children": [{"name": "Jovian satellites", "children": [{"name": "Galilean satellites"}]}, {"name": "Martian satellites"}, {"name": "Neptunian satellites"}, {"name": "Saturnian satellites"}, {"name": "The Moon"}, {"name": "Uranian satellites"}]}, {"name": "Oort cloud", "children": [{"name": "Oort cloud objects"}]}, {"name": "Planetary rings", "children": [{"name": "Ansae"}, {"name": "Planetary ring divisions"}, {"name": "Shepherd satellites"}, {"name": "Spokes"}]}, {"name": "Planets [Solar system]", "children": [{"name": "Inner planets", "children": [{"name": "Earth (planet)"}, {"name": "Mars"}, {"name": "Mercury"}, {"name": "Venus"}]}, {"name": "Outer planets", "children": [{"name": "Jupiter"}, {"name": "Neptune"}, {"name": "Saturn"}, {"name": "Uranus"}]}]}, {"name": "Small solar system bodies", "children": [{"name": "Asteroids", "children": [{"name": "Hilda group"}, {"name": "Hirayama families"}, {"name": "Hungaria group"}, {"name": "Near-Earth objects", "children": [{"name": "Amor group"}, {"name": "Apollo group"}, {"name": "Aten group"}, {"name": "Atira group"}, {"name": "Earth trojans"}]}, {"name": "Trojan asteroids", "children": [{"name": "Earth trojans"}, {"name": "Jupiter trojans"}, {"name": "Mars trojans"}, {"name": "Neptune trojans"}]}]}, {"name": "Comets", "children": [{"name": "Aperiodic comets"}, {"name": "Comas"}, {"name": "Comet tails", "children": [{"name": "Comet tail streamers"}]}, {"name": "Kreutz Sungrazers"}, {"name": "Long period comets", "children": [{"name": "Oort cloud", "children": [{"name": "Oort cloud objects"}]}]}, {"name": "Short period comets"}]}, {"name": "Minor planets", "children": [{"name": "Centaurs"}, {"name": "Dwarf planets", "children": [{"name": "Ceres"}, {"name": "Eris"}, {"name": "Haumea"}, {"name": "Makemake"}, {"name": "Pluto"}]}, {"name": "Hilda group"}, {"name": "Hirayama families"}, {"name": "Hungaria group"}, {"name": "Trans-Neptunian objects", "children": [{"name": "Classical Kuiper belt objects", "children": [{"name": "Borasisi"}, {"name": "Chaos"}, {"name": "Deucalion"}, {"name": "Logos"}, {"name": "Makemake"}, {"name": "Quaoar"}, {"name": "Teharonhiawako"}, {"name": "Varuna"}]}, {"name": "Detached objects"}, {"name": "Neptune trojans"}, {"name": "Plutoids", "children": [{"name": "Eris"}, {"name": "Haumea"}, {"name": "Makemake"}, {"name": "Pluto"}, {"name": "Quaoar"}, {"name": "Sedna"}]}, {"name": "Resonant Kuiper belt objects", "children": [{"name": "Plutinos", "children": [{"name": "Huya"}, {"name": "Ixion"}, {"name": "Orcus"}, {"name": "Pluto"}]}, {"name": "Scattered disk objects", "children": [{"name": "Eris"}, {"name": "Sedna"}]}, {"name": "Twotinos"}]}]}]}]}, {"name": "Solar neighborhood"}, {"name": "The Moon"}, {"name": "The Sun"}]}]}, {"name": "Stellar astronomy", "children": [{"name": "Asteroseismology", "children": [{"name": "Oblique rotators"}, {"name": "Stellar magnetic fields"}, {"name": "Stellar oscillations", "children": [{"name": "Rapid stellar oscillations"}, {"name": "Solar oscillations"}]}]}, {"name": "Circumstellar matter", "children": [{"name": "Circumstellar clouds"}, {"name": "Circumstellar disks", "children": [{"name": "Debris disks", "children": [{"name": "Exozodiacal dust"}, {"name": "Planetesimals"}]}, {"name": "Protoplanetary disks", "children": [{"name": "Planetesimals"}]}]}, {"name": "Circumstellar dust"}, {"name": "Circumstellar envelope"}, {"name": "Circumstellar gas"}, {"name": "Circumstellar grains"}, {"name": "Circumstellar masers"}, {"name": "Circumstellar shells"}]}, {"name": "Star clusters", "children": [{"name": "Globular star clusters"}, {"name": "Stellar associations", "children": [{"name": "Moving clusters"}, {"name": "O associations"}, {"name": "OB associations"}, {"name": "Open star clusters", "children": [{"name": "O clusters"}, {"name": "Young star clusters"}]}, {"name": "Protoclusters"}, {"name": "R associations"}, {"name": "T associations"}]}]}, {"name": "Stellar physics", "children": [{"name": "Star formation"}, {"name": "Starspots"}, {"name": "Stellar atmospheres", "children": [{"name": "Chromospheres"}, {"name": "Coronae", "children": [{"name": "Coronal dimming"}, {"name": "Coronal hole"}, {"name": "Coronal lines"}, {"name": "Coronal loops"}, {"name": "Coronal plumes"}, {"name": "Coronal transients"}, {"name": "E corona"}, {"name": "F corona"}, {"name": "K corona"}, {"name": "Solar corona", "children": [{"name": "M region"}, {"name": "Solar coronal holes"}, {"name": "Solar coronal loops"}, {"name": "Solar coronal streamers"}, {"name": "Solar transition region"}]}]}, {"name": "Photospheres", "children": [{"name": "Granule"}, {"name": "Stellar faculae"}]}]}, {"name": "Stellar dynamics", "children": [{"name": "Supernova dynamics"}]}, {"name": "Stellar evolution", "children": [{"name": "Asymptotic giant branch"}, {"name": "Blue stragglers"}, {"name": "Carbon flash"}, {"name": "Early stellar evolution"}, {"name": "Eruptive phenomena"}, {"name": "Initial mass function"}, {"name": "Late stellar evolution", "children": [{"name": "Dredge-up"}, {"name": "Stellar accretion disks"}]}, {"name": "Nonstandard evolution"}, {"name": "Pre-main sequence evolution", "children": [{"name": "Helmholtz-Kelvin contraction"}]}, {"name": "Supernova evolution"}, {"name": "White dwarf evolution"}]}, {"name": "Stellar phenomena", "children": [{"name": "Astrosphere interstellar medium interactions"}, {"name": "Burst astrophysics", "children": [{"name": "Gamma-ray bursts"}, {"name": "Optical bursts"}, {"name": "Radio bursts"}, {"name": "Rapid bursts"}, {"name": "X-ray bursts"}]}, {"name": "Coronal mass ejections"}, {"name": "Stellar flares", "children": [{"name": "Disk flaring"}, {"name": "Optical flares"}, {"name": "Stellar x-ray flares"}]}, {"name": "Stellar mass loss", "children": [{"name": "Plasma jets"}]}, {"name": "Stellar pulsations", "children": [{"name": "Multi-periodic pulsation", "children": [{"name": "Double-mode pulsation"}]}, {"name": "Non-radial pulsations"}, {"name": "Pulsation modes"}, {"name": "Radial pulsations"}]}]}, {"name": "Stellar processes", "children": [{"name": "Stellar diffusion"}]}, {"name": "Stellar properties", "children": [{"name": "Expanding stellar envelopes"}, {"name": "Starlight polarization"}, {"name": "Stellar abundances", "children": [{"name": "Beryllium"}, {"name": "Boron"}, {"name": "Helium"}, {"name": "Lithium"}]}, {"name": "Stellar accretion"}, {"name": "Stellar activity"}, {"name": "Stellar ages"}, {"name": "Stellar colors"}, {"name": "Stellar effective temperatures"}, {"name": "Stellar luminosities"}, {"name": "Stellar magnetic fields"}, {"name": "Stellar mass functions"}, {"name": "Stellar masses"}, {"name": "Stellar oscillations", "children": [{"name": "Rapid stellar oscillations"}, {"name": "Solar oscillations"}]}, {"name": "Stellar radii"}, {"name": "Stellar rotation", "children": [{"name": "Gravity darkening"}, {"name": "Radiative braking"}]}, {"name": "Stellar spectral lines"}]}, {"name": "Stellar structure", "children": [{"name": "Circumstellar shell", "children": [{"name": "Dust shell"}, {"name": "Rotating shell"}, {"name": "Shell burning"}]}, {"name": "Convective envelope", "children": [{"name": "Convective shells"}]}, {"name": "Convective zone"}, {"name": "Polytropes"}, {"name": "Stellar composition", "children": [{"name": "Stellar chemical composition"}, {"name": "Stellar elemental abundances"}]}, {"name": "Stellar gas distribution"}, {"name": "Stellar interior", "children": [{"name": "Stellar cores", "children": [{"name": "Stellar inner core"}]}]}, {"name": "Stellar surfaces"}, {"name": "Str\u00f6mgren spheres"}]}, {"name": "Stellar winds"}]}, {"name": "Stellar populations", "children": [{"name": "Intermediate population stars"}, {"name": "Population I stars"}, {"name": "Population II stars", "children": [{"name": "Disk population"}, {"name": "Disk stars"}, {"name": "Horizontal branch stars", "children": [{"name": "Extreme horizontal branch stars"}, {"name": "Zero-age horizontal branch stars"}]}, {"name": "Population II Cepheid stars", "children": [{"name": "RR Lyrae variable stars", "children": [{"name": "Bailey type stars"}, {"name": "RRA stars"}, {"name": "RRab stars"}, {"name": "RRb stars"}, {"name": "RRc stars"}]}]}, {"name": "SX Phoenicis variables"}]}, {"name": "Population III stars"}]}, {"name": "Stellar remnants", "children": [{"name": "Compact objects", "children": [{"name": "Black holes", "children": [{"name": "Astrophysical black holes", "children": [{"name": "Intermediate-mass black holes"}, {"name": "Primordial black holes"}, {"name": "Stellar mass black holes"}, {"name": "Supermassive black holes", "children": [{"name": "Quasars", "children": [{"name": "Broad-absorption line quasar"}, {"name": "Double quasars"}, {"name": "Individual quasars"}, {"name": "Quasar-galaxy pairs"}, {"name": "Radio loud quasars"}, {"name": "Radio quiet quasars"}, {"name": "X-ray quasars"}]}]}]}, {"name": "Classical black holes", "children": [{"name": "Charged black holes", "children": [{"name": "Kerr-Newman black holes"}, {"name": "Reissner\u2013Nordstr\u00f6m black holes"}]}, {"name": "Nonrotating black holes", "children": [{"name": "Reissner\u2013Nordstr\u00f6m black holes"}, {"name": "Schwarzschild black holes"}]}, {"name": "Rotating black holes", "children": [{"name": "Kerr black holes", "children": [{"name": "Maximal Kerr black holes"}]}, {"name": "Kerr-Newman black holes"}]}, {"name": "Uncharged black holes", "children": [{"name": "Kerr black holes", "children": [{"name": "Maximal Kerr black holes"}]}, {"name": "Schwarzschild black holes"}]}]}]}, {"name": "Compact binary systems", "children": [{"name": "Cataclysmic variable stars", "children": [{"name": "AM Herculis stars"}, {"name": "Nova-like variable stars", "children": [{"name": "AM Canum Venaticorum stars"}, {"name": "UX Ursae Majoris stars"}, {"name": "VY Sculpturis"}]}, {"name": "Novae", "children": [{"name": "Classical novae"}, {"name": "Dwarf novae", "children": [{"name": "SU Ursae Majoris stars"}, {"name": "SX Arietis variables"}, {"name": "U Geminorum stars"}, {"name": "WZ Sagittae stars"}, {"name": "Z Camelopardalis stars"}]}, {"name": "Fast novae"}, {"name": "Recurrent novae"}, {"name": "Slow novae", "children": [{"name": "DQ Herculis stars"}]}, {"name": "Symbiotic novae"}, {"name": "X-ray novae"}]}, {"name": "SX Arietis variables"}, {"name": "Symbiotic novae"}, {"name": "UV Persei stars"}]}, {"name": "Compact binary components", "children": [{"name": "Black holes", "children": [{"name": "Astrophysical black holes", "children": [{"name": "Intermediate-mass black holes"}, {"name": "Primordial black holes"}, {"name": "Stellar mass black holes"}, {"name": "Supermassive black holes", "children": [{"name": "Quasars", "children": [{"name": "Broad-absorption line quasar"}, {"name": "Double quasars"}, {"name": "Individual quasars"}, {"name": "Quasar-galaxy pairs"}, {"name": "Radio loud quasars"}, {"name": "Radio quiet quasars"}, {"name": "X-ray quasars"}]}]}]}, {"name": "Classical black holes", "children": [{"name": "Charged black holes", "children": [{"name": "Kerr-Newman black holes"}, {"name": "Reissner\u2013Nordstr\u00f6m black holes"}]}, {"name": "Nonrotating black holes", "children": [{"name": "Reissner\u2013Nordstr\u00f6m black holes"}, {"name": "Schwarzschild black holes"}]}, {"name": "Rotating black holes", "children": [{"name": "Kerr black holes", "children": [{"name": "Maximal Kerr black holes"}]}, {"name": "Kerr-Newman black holes"}]}, {"name": "Uncharged black holes", "children": [{"name": "Kerr black holes", "children": [{"name": "Maximal Kerr black holes"}]}, {"name": "Schwarzschild black holes"}]}]}]}, {"name": "Neutron stars", "children": [{"name": "Magnetars", "children": [{"name": "Soft gamma ray repeaters"}]}, {"name": "Neutron star cores"}, {"name": "Pulsars", "children": [{"name": "Binary pulsars"}, {"name": "Millisecond pulsars"}, {"name": "Optical pulsars"}, {"name": "Radio pulsars"}, {"name": "Rotation powered pulsars"}]}, {"name": "Relativistic stars", "children": [{"name": "Relativistic binary stars"}]}]}, {"name": "White dwarfs", "children": [{"name": "DA stars"}, {"name": "DB stars"}, {"name": "DO stars", "children": [{"name": "BL Herculis stars"}, {"name": "PG 1159 stars"}]}, {"name": "ZZ Ceti stars"}]}]}, {"name": "Compact binary stars", "children": [{"name": "Binary pulsars"}, {"name": "X-ray binary stars", "children": [{"name": "High-mass X-ray binary stars"}, {"name": "Low-mass X-ray binary stars", "children": [{"name": "Hz Herculis stars"}]}, {"name": "X-ray bursters"}]}]}]}]}, {"name": "Degenerate matter"}, {"name": "Ejecta"}, {"name": "Supernovae", "children": [{"name": "Core-collapse supernovae", "children": [{"name": "Type II supernovae"}, {"name": "Type Ib supernovae"}, {"name": "Type Ic supernovae"}]}, {"name": "Hypernovae"}, {"name": "Type Ia supernovae"}]}]}, {"name": "Stellar types", "children": [{"name": "Blue stragglers"}, {"name": "Brown dwarfs", "children": [{"name": "L dwarfs"}, {"name": "L subdwarfs"}, {"name": "T dwarfs"}, {"name": "T subdwarfs"}]}, {"name": "Chemically peculiar stars", "children": [{"name": "Am stars"}, {"name": "Ap stars", "children": [{"name": "Holmium stars"}, {"name": "Manganese stars"}, {"name": "Silicon stars"}]}, {"name": "Bp stars"}, {"name": "Carbon stars", "children": [{"name": "N stars"}, {"name": "R stars"}]}, {"name": "Heavy metal stars", "children": [{"name": "Barium stars", "children": [{"name": "Semi-barium stars"}]}, {"name": "Manganese stars"}, {"name": "S stars", "children": [{"name": "Zirconium stars"}]}, {"name": "Strontium stars"}, {"name": "Technetium stars"}]}, {"name": "Helium weak stars"}, {"name": "Helium-poor stars", "children": [{"name": "BW stars"}]}, {"name": "Helium-rich stars", "children": [{"name": "DB stars"}]}, {"name": "Hydrogen deficient stars", "children": [{"name": "AM Canum Venaticorum stars"}]}, {"name": "Lithium stars"}, {"name": "Magnetic stars", "children": [{"name": "Am stars"}, {"name": "Bp stars"}, {"name": "Magnetars", "children": [{"name": "Soft gamma ray repeaters"}]}, {"name": "Magnetic variable stars", "children": [{"name": "Alpha2 Canum Venaticorum stars"}, {"name": "Am stars"}, {"name": "SX Arietis variables"}]}, {"name": "Mercury-manganese stars"}]}, {"name": "Manganese stars"}, {"name": "Mercury-manganese stars"}, {"name": "Peculiar giants"}, {"name": "Peculiar variable stars"}, {"name": "Strontium stars"}, {"name": "Technetium stars"}, {"name": "Zirconium stars"}]}, {"name": "Evolved stars", "children": [{"name": "Giant stars", "children": [{"name": "A giants"}, {"name": "B giants"}, {"name": "CH stars"}, {"name": "CN stars"}, {"name": "Extreme carbon stars"}, {"name": "F giants"}, {"name": "G giants"}, {"name": "LB variable stars"}, {"name": "Late-type giants", "children": [{"name": "Heavy metal stars", "children": [{"name": "Barium stars", "children": [{"name": "Semi-barium stars"}]}, {"name": "Manganese stars"}, {"name": "S stars", "children": [{"name": "Zirconium stars"}]}, {"name": "Strontium stars"}, {"name": "Technetium stars"}]}, {"name": "Irregular variable stars", "children": [{"name": "Delta Scuti variable stars"}, {"name": "Gamma Cassiopeiae stars"}, {"name": "LC variable stars"}, {"name": "Mira variable stars"}, {"name": "R Coronae Borealis stars"}, {"name": "RC Aurigae stars"}, {"name": "Soft gamma ray repeaters"}, {"name": "T Tauri stars", "children": [{"name": "Classical T Tauri stars"}, {"name": "FU Orionis stars"}, {"name": "Weak-line T Tauri stars"}]}, {"name": "UU Herculis stars"}]}, {"name": "K giants"}, {"name": "M giants", "children": [{"name": "Me variable stars"}]}, {"name": "Mira variable stars"}, {"name": "Semi-regular variable stars", "children": [{"name": "S Vulpeculae stars"}]}]}, {"name": "O giant stars"}, {"name": "OH/IR stars"}, {"name": "Peculiar giants"}, {"name": "R stars"}, {"name": "Red giants", "children": [{"name": "Red stragglers"}]}, {"name": "S stars", "children": [{"name": "Zirconium stars"}]}, {"name": "Weak G band stars"}]}, {"name": "High-mass stars", "children": [{"name": "High-mass X-ray binary stars"}]}, {"name": "Hypergiant stars", "children": [{"name": "Yellow hypergiant stars"}]}, {"name": "Subgiant stars", "children": [{"name": "A subgiants"}, {"name": "F subgiants"}, {"name": "G subgiants"}, {"name": "K subgiants"}, {"name": "M subgiants"}]}, {"name": "Supergiant stars", "children": [{"name": "Early-type supergiants", "children": [{"name": "A supergiants"}, {"name": "B supergiants"}, {"name": "O supergiants"}, {"name": "OB supergiants"}]}, {"name": "F supergiants", "children": [{"name": "UU Herculis stars"}]}, {"name": "G supergiants"}, {"name": "Late-type supergiants", "children": [{"name": "K supergiants"}, {"name": "M supergiants"}]}, {"name": "Red supergiants"}]}]}, {"name": "Main sequence stars", "children": [{"name": "Early-type stars", "children": [{"name": "A stars", "children": [{"name": "A dwarfs"}, {"name": "A giants"}, {"name": "A subdwarfs"}, {"name": "A subgiants"}, {"name": "A supergiants"}, {"name": "Ae stars", "children": [{"name": "Herbig Ae/Be stars"}]}, {"name": "Am stars"}, {"name": "Ap stars", "children": [{"name": "Holmium stars"}, {"name": "Manganese stars"}, {"name": "Silicon stars"}]}]}, {"name": "B stars", "children": [{"name": "53 Persei stars"}, {"name": "B dwarfs"}, {"name": "B giants"}, {"name": "B subdwarfs"}, {"name": "B supergiants"}, {"name": "BW stars"}, {"name": "Be stars", "children": [{"name": "Herbig Ae/Be stars"}, {"name": "Lambda Eridani stars"}]}, {"name": "Bp stars"}, {"name": "Mercury-manganese stars"}]}, {"name": "Early-type emission stars", "children": [{"name": "Ae stars", "children": [{"name": "Herbig Ae/Be stars"}]}, {"name": "Be stars", "children": [{"name": "Herbig Ae/Be stars"}, {"name": "Lambda Eridani stars"}]}, {"name": "Oe stars"}, {"name": "Oef stars"}, {"name": "Of stars"}, {"name": "Wolf-Rayet stars", "children": [{"name": "WC stars"}, {"name": "WCN stars"}, {"name": "WN stars"}]}]}, {"name": "Early-type supergiants", "children": [{"name": "A supergiants"}, {"name": "B supergiants"}, {"name": "O supergiants"}, {"name": "OB supergiants"}]}, {"name": "Early-type variable stars", "children": [{"name": "Beta Cephei stars"}, {"name": "Luminous blue variable stars"}, {"name": "S Doradus stars"}, {"name": "SX Arietis variables"}]}, {"name": "Faint blue stars"}, {"name": "O stars", "children": [{"name": "O dwarfs"}, {"name": "O giant stars"}, {"name": "O subdwarfs"}, {"name": "O supergiants"}, {"name": "Oe stars"}, {"name": "Oef stars"}, {"name": "Of stars"}]}, {"name": "OB stars", "children": [{"name": "OB supergiants"}]}]}, {"name": "Intermediate type stars", "children": [{"name": "F stars", "children": [{"name": "F dwarfs"}, {"name": "F giants"}, {"name": "F subdwarfs"}, {"name": "F subgiants"}, {"name": "F supergiants", "children": [{"name": "UU Herculis stars"}]}]}, {"name": "G stars", "children": [{"name": "G dwarfs"}, {"name": "G giants"}, {"name": "G subdwarfs"}, {"name": "G subgiants"}, {"name": "G supergiants"}]}]}, {"name": "Late-type stars", "children": [{"name": "K stars", "children": [{"name": "K dwarfs"}, {"name": "K giants"}, {"name": "K subdwarfs"}, {"name": "K subgiants"}, {"name": "K supergiants"}]}, {"name": "Late-type dwarfs", "children": [{"name": "K dwarfs"}, {"name": "L dwarfs"}, {"name": "M dwarfs"}, {"name": "T dwarfs"}]}, {"name": "Late-type giants", "children": [{"name": "Heavy metal stars", "children": [{"name": "Barium stars", "children": [{"name": "Semi-barium stars"}]}, {"name": "Manganese stars"}, {"name": "S stars", "children": [{"name": "Zirconium stars"}]}, {"name": "Strontium stars"}, {"name": "Technetium stars"}]}, {"name": "Irregular variable stars", "children": [{"name": "Delta Scuti variable stars"}, {"name": "Gamma Cassiopeiae stars"}, {"name": "LC variable stars"}, {"name": "Mira variable stars"}, {"name": "R Coronae Borealis stars"}, {"name": "RC Aurigae stars"}, {"name": "Soft gamma ray repeaters"}, {"name": "T Tauri stars", "children": [{"name": "Classical T Tauri stars"}, {"name": "FU Orionis stars"}, {"name": "Weak-line T Tauri stars"}]}, {"name": "UU Herculis stars"}]}, {"name": "K giants"}, {"name": "M giants", "children": [{"name": "Me variable stars"}]}, {"name": "Mira variable stars"}, {"name": "Semi-regular variable stars", "children": [{"name": "S Vulpeculae stars"}]}]}, {"name": "Late-type supergiants", "children": [{"name": "K supergiants"}, {"name": "M supergiants"}]}, {"name": "M stars", "children": [{"name": "M dwarfs"}, {"name": "M giants", "children": [{"name": "Me variable stars"}]}, {"name": "M subdwarfs"}, {"name": "M subgiants"}, {"name": "M supergiants"}, {"name": "Me stars"}]}, {"name": "N stars"}, {"name": "R stars"}, {"name": "S stars", "children": [{"name": "Zirconium stars"}]}]}, {"name": "Yellow stragglers"}, {"name": "Zero-age main sequence stars"}]}, {"name": "Multiple stars", "children": [{"name": "Binary stars", "children": [{"name": "Astrometric binary stars"}, {"name": "Close binary stars", "children": [{"name": "Accreting binaries"}, {"name": "Algol variable stars"}, {"name": "Compact binary stars", "children": [{"name": "Binary pulsars"}, {"name": "X-ray binary stars", "children": [{"name": "High-mass X-ray binary stars"}, {"name": "Low-mass X-ray binary stars", "children": [{"name": "Hz Herculis stars"}]}, {"name": "X-ray bursters"}]}]}, {"name": "Contact binary stars", "children": [{"name": "W Ursae Majoris variable stars"}]}, {"name": "Ellipsoidal variable stars", "children": [{"name": "Beta Lyrae stars"}]}, {"name": "Eruptive binary stars", "children": [{"name": "Dwarf novae", "children": [{"name": "SU Ursae Majoris stars"}, {"name": "SX Arietis variables"}, {"name": "U Geminorum stars"}, {"name": "WZ Sagittae stars"}, {"name": "Z Camelopardalis stars"}]}, {"name": "Symbiotic binary stars", "children": [{"name": "RR Telescopii stars"}, {"name": "Symbiotic novae"}, {"name": "Z Andromedae stars"}]}, {"name": "X-ray binary stars", "children": [{"name": "High-mass X-ray binary stars"}, {"name": "Low-mass X-ray binary stars", "children": [{"name": "Hz Herculis stars"}]}, {"name": "X-ray bursters"}]}]}, {"name": "Interacting binary stars", "children": [{"name": "Cataclysmic variable stars", "children": [{"name": "AM Herculis stars"}, {"name": "Nova-like variable stars", "children": [{"name": "AM Canum Venaticorum stars"}, {"name": "UX Ursae Majoris stars"}, {"name": "VY Sculpturis"}]}, {"name": "Novae", "children": [{"name": "Classical novae"}, {"name": "Dwarf novae", "children": [{"name": "SU Ursae Majoris stars"}, {"name": "SX Arietis variables"}, {"name": "U Geminorum stars"}, {"name": "WZ Sagittae stars"}, {"name": "Z Camelopardalis stars"}]}, {"name": "Fast novae"}, {"name": "Recurrent novae"}, {"name": "Slow novae", "children": [{"name": "DQ Herculis stars"}]}, {"name": "Symbiotic novae"}, {"name": "X-ray novae"}]}, {"name": "SX Arietis variables"}, {"name": "Symbiotic novae"}, {"name": "UV Persei stars"}]}, {"name": "X-ray binary stars", "children": [{"name": "High-mass X-ray binary stars"}, {"name": "Low-mass X-ray binary stars", "children": [{"name": "Hz Herculis stars"}]}, {"name": "X-ray bursters"}]}]}, {"name": "Semi-detached binary stars"}, {"name": "Z Andromedae stars"}]}, {"name": "Companion stars", "children": [{"name": "Substellar companions"}, {"name": "Tertiary stars"}]}, {"name": "Detached binary stars"}, {"name": "Eclipsing binary stars", "children": [{"name": "Algol variable stars"}, {"name": "Beta Lyrae stars"}, {"name": "Upsilon Sagittarii stars"}]}, {"name": "Interferometric binary stars"}, {"name": "Relativistic binary stars"}, {"name": "Semi-detached binary stars"}, {"name": "Spectroscopic binary stars", "children": [{"name": "Two-spectrum binary stars"}]}, {"name": "Visual binary stars"}, {"name": "Wide binary stars"}]}, {"name": "Trinary stars"}]}, {"name": "Novae", "children": [{"name": "Classical novae"}, {"name": "Dwarf novae", "children": [{"name": "SU Ursae Majoris stars"}, {"name": "SX Arietis variables"}, {"name": "U Geminorum stars"}, {"name": "WZ Sagittae stars"}, {"name": "Z Camelopardalis stars"}]}, {"name": "Fast novae"}, {"name": "Recurrent novae"}, {"name": "Slow novae", "children": [{"name": "DQ Herculis stars"}]}, {"name": "Symbiotic novae"}, {"name": "X-ray novae"}]}, {"name": "Protostars", "children": [{"name": "Bok globules"}, {"name": "Cocoon stars"}, {"name": "Cometary nebulae"}, {"name": "Proplyds"}, {"name": "Young stellar objects", "children": [{"name": "Pre-main sequence stars", "children": [{"name": "Herbig Ae/Be stars"}, {"name": "Herbig-Haro objects"}, {"name": "T Tauri stars", "children": [{"name": "Classical T Tauri stars"}, {"name": "FU Orionis stars"}, {"name": "Weak-line T Tauri stars"}]}]}]}]}, {"name": "Supernovae", "children": [{"name": "Core-collapse supernovae", "children": [{"name": "Type II supernovae"}, {"name": "Type Ib supernovae"}, {"name": "Type Ic supernovae"}]}, {"name": "Hypernovae"}, {"name": "Type Ia supernovae"}]}, {"name": "Variable stars", "children": [{"name": "Emission line stars", "children": [{"name": "Be type stars"}, {"name": "Early-type emission stars", "children": [{"name": "Ae stars", "children": [{"name": "Herbig Ae/Be stars"}]}, {"name": "Be stars", "children": [{"name": "Herbig Ae/Be stars"}, {"name": "Lambda Eridani stars"}]}, {"name": "Oe stars"}, {"name": "Oef stars"}, {"name": "Of stars"}, {"name": "Wolf-Rayet stars", "children": [{"name": "WC stars"}, {"name": "WCN stars"}, {"name": "WN stars"}]}]}, {"name": "Flash stars"}, {"name": "Gamma Cassiopeiae stars"}, {"name": "H-alpha stars"}, {"name": "Luminous blue variables"}, {"name": "Me stars"}, {"name": "Me variable stars"}, {"name": "Mira variable stars"}, {"name": "RC Aurigae stars"}, {"name": "S Doradus stars"}, {"name": "Symbiotic binary stars", "children": [{"name": "RR Telescopii stars"}, {"name": "Symbiotic novae"}, {"name": "Z Andromedae stars"}]}, {"name": "T Tauri stars", "children": [{"name": "Classical T Tauri stars"}, {"name": "FU Orionis stars"}, {"name": "Weak-line T Tauri stars"}]}, {"name": "X-ray stars", "children": [{"name": "Single X-ray stars"}]}, {"name": "Z Andromedae stars"}]}, {"name": "Extrinsic variable stars", "children": [{"name": "Eclipsing binary stars", "children": [{"name": "Algol variable stars"}, {"name": "Beta Lyrae stars"}, {"name": "Upsilon Sagittarii stars"}]}, {"name": "Ellipsoidal variable stars", "children": [{"name": "Beta Lyrae stars"}]}]}, {"name": "Intrinsic variable stars", "children": [{"name": "Cataclysmic variable stars", "children": [{"name": "AM Herculis stars"}, {"name": "Nova-like variable stars", "children": [{"name": "AM Canum Venaticorum stars"}, {"name": "UX Ursae Majoris stars"}, {"name": "VY Sculpturis"}]}, {"name": "Novae", "children": [{"name": "Classical novae"}, {"name": "Dwarf novae", "children": [{"name": "SU Ursae Majoris stars"}, {"name": "SX Arietis variables"}, {"name": "U Geminorum stars"}, {"name": "WZ Sagittae stars"}, {"name": "Z Camelopardalis stars"}]}, {"name": "Fast novae"}, {"name": "Recurrent novae"}, {"name": "Slow novae", "children": [{"name": "DQ Herculis stars"}]}, {"name": "Symbiotic novae"}, {"name": "X-ray novae"}]}, {"name": "SX Arietis variables"}, {"name": "Symbiotic novae"}, {"name": "UV Persei stars"}]}, {"name": "Eruptive variables", "children": [{"name": "Flare stars", "children": [{"name": "BY Draconis stars"}, {"name": "FU Orionis"}, {"name": "R Coronae Borealis variables"}, {"name": "RS Canum Venaticorum variables"}, {"name": "Red dwarf flare stars"}, {"name": "UV Ceti stars"}]}]}, {"name": "Herbig-Haro objects"}, {"name": "Long period variables", "children": [{"name": "Mira variables"}, {"name": "Semiregular variables"}, {"name": "Slow irregular variables"}]}, {"name": "Magnetic variable stars", "children": [{"name": "Alpha2 Canum Venaticorum stars"}, {"name": "Am stars"}, {"name": "SX Arietis variables"}]}, {"name": "Pulsating variable stars", "children": [{"name": "53 Persei stars"}, {"name": "Beta Cephei stars"}, {"name": "Cepheids", "children": [{"name": "Delta cephei"}, {"name": "Double-mode Cepheids"}, {"name": "W Virginis variables", "children": [{"name": "BL Herculis stars"}]}, {"name": "Young disk Cepheids"}]}, {"name": "Delta Delphini stars"}, {"name": "Delta Scuti variable stars"}, {"name": "Double-mode variable stars", "children": [{"name": "Double-mode Cepheids"}, {"name": "RR Lyrae variable stars", "children": [{"name": "Bailey type stars"}, {"name": "RRA stars"}, {"name": "RRab stars"}, {"name": "RRb stars"}, {"name": "RRc stars"}]}]}, {"name": "Irregular variable stars", "children": [{"name": "Delta Scuti variable stars"}, {"name": "Gamma Cassiopeiae stars"}, {"name": "LC variable stars"}, {"name": "Mira variable stars"}, {"name": "R Coronae Borealis stars"}, {"name": "RC Aurigae stars"}, {"name": "Soft gamma ray repeaters"}, {"name": "T Tauri stars", "children": [{"name": "Classical T Tauri stars"}, {"name": "FU Orionis stars"}, {"name": "Weak-line T Tauri stars"}]}, {"name": "UU Herculis stars"}]}, {"name": "Lambda Eridani stars"}, {"name": "Long period variable stars", "children": [{"name": "Mira variable stars"}, {"name": "S Vulpeculae stars"}, {"name": "WZ Sagittae stars"}]}, {"name": "Mira variable stars"}, {"name": "Multi-periodic variable stars", "children": [{"name": "Beta Cephei stars"}, {"name": "Delta Scuti variable stars"}, {"name": "Double-mode variable stars", "children": [{"name": "Double-mode Cepheids"}, {"name": "RR Lyrae variable stars", "children": [{"name": "Bailey type stars"}, {"name": "RRA stars"}, {"name": "RRab stars"}, {"name": "RRb stars"}, {"name": "RRc stars"}]}]}, {"name": "PG 1159 stars"}, {"name": "SX Phoenicis variables"}, {"name": "ZZ Ceti stars"}]}, {"name": "PV Telescopii variables"}, {"name": "RV Tauri variables"}, {"name": "S Vulpeculae stars"}, {"name": "Semi-regular variable stars", "children": [{"name": "S Vulpeculae stars"}]}]}]}, {"name": "Periodic variable stars", "children": [{"name": "Long period variable stars", "children": [{"name": "Mira variable stars"}, {"name": "S Vulpeculae stars"}, {"name": "WZ Sagittae stars"}]}, {"name": "Multi-periodic variable stars", "children": [{"name": "Beta Cephei stars"}, {"name": "Delta Scuti variable stars"}, {"name": "Double-mode variable stars", "children": [{"name": "Double-mode Cepheids"}, {"name": "RR Lyrae variable stars", "children": [{"name": "Bailey type stars"}, {"name": "RRA stars"}, {"name": "RRab stars"}, {"name": "RRb stars"}, {"name": "RRc stars"}]}]}, {"name": "PG 1159 stars"}, {"name": "SX Phoenicis variables"}, {"name": "ZZ Ceti stars"}]}, {"name": "Semi-regular variable stars", "children": [{"name": "S Vulpeculae stars"}]}, {"name": "Short period variable stars", "children": [{"name": "Beta Cephei stars"}, {"name": "Delta Scuti variable stars"}]}]}]}, {"name": "White dwarfs", "children": [{"name": "DA stars"}, {"name": "DB stars"}, {"name": "DO stars", "children": [{"name": "BL Herculis stars"}, {"name": "PG 1159 stars"}]}, {"name": "ZZ Ceti stars"}]}]}]}]}